tree_length,branch_length_min,branch_length_max,branch_length_median,branch_length_var,node_age_min,node_age_max,node_age_median,node_age_var,EDR_min,EDR_max,EDR_median,EDR_var,InverseES_min,InverseES_max,InverseES_median,InverseES_var,gamma_stat,Colless_index,num_lineages_surviving,root_age,n_sampled_anc,n_fossils
4257.551,0,128.2655,9.548164,332.0931,0.868842,150,26.11356,1023.322,0.019184,274.1904,21.97442,1777.572,0.007248133,0.1647378,0.04217071,0.001122264,-1.175733,403,140,150,10,23
4236.632,0,128.2655,10.45882,325.5707,0.868842,150,29.36323,1055.571,0.019184,284.9034,18.69595,2502.383,0.007239669,0.2049748,0.04110719,0.0009491826,-0.9524683,360,140,150,11,23
4204.241,0,128.2655,10.00911,314.9391,0.868842,149.9913,27.09738,1033.392,0.018832,249.2281,24.82145,1783.956,0.007242367,0.1647457,0.04253124,0.0008701388,0.3806678,371,140,149.9913,8,23
4227.382,0,128.2655,9.097292,347.2064,0.868843,149.9337,25.3653,1040.17,0.018128,253.4123,21.13265,1929.458,0.007208724,0.2801841,0.04271199,0.001415689,0.02179062,479,140,149.9337,12,23
4253.226,0,128.2655,10.39573,328.888,0.868842,149.9999,30.0433,957.7744,0.019184,284.9033,20.62604,1901.152,0.007198491,0.2066728,0.04259938,0.001239825,-1.890744,502,140,149.9999,13,23
4195.208,0,128.2655,9.568124,332.0629,0.566182,150,27.03964,979.1502,0.019536,282.8536,21.25183,1731.717,0.007249403,0.2306084,0.044381,0.001253898,-0.9870997,400,140,150,12,23
4104.262,0,128.2655,10.03048,316.8168,0.868843,149.9997,26.35727,962.3699,0.019008,227.5771,21.56787,1461.217,0.007220745,0.1646137,0.0440556,0.000984412,-0.5475935,508,140,149.9997,10,23
4195.032,0,128.2655,10.89987,319.4035,0.868842,149.8317,27.03964,939.7887,0.019536,261.2919,20.23753,1882.018,0.007241699,0.2078466,0.04257421,0.001033416,-0.5550508,402,140,149.8317,10,23
4092.963,0,128.2655,8.906862,332.4858,0.852173,149.8943,28.91058,986.2262,0.019008,282.8535,21.223,2023.692,0.007244177,0.2729729,0.04442563,0.001897419,-1.024777,401,140,149.8943,13,23
4232.788,0,128.2655,9.174159,343.8385,0.364598,150,28.82396,990.8537,0.019184,282.8536,21.72763,1717.854,0.007229274,0.271192,0.04315903,0.001648531,-1.438544,396,140,150,12,23
4141.118,0,128.2655,9.174159,340.1592,0.868842,150,29.56074,1010.989,0.01266,185.7225,20.62604,1629.255,0.007249792,0.3063356,0.04269314,0.002154908,-1.41757,399,140,150,14,23
4179.847,0,128.2655,8.733291,347.6603,0.868842,149.9999,30.99014,1133.268,0.019008,284.9033,21.51034,2207.117,0.007240034,0.3181195,0.04264468,0.001536341,-1.0398,406,140,149.9999,16,23
4054.832,0,128.2655,9.039252,312.4852,0.868843,150,30.99014,983.0015,0.019184,284.9032,20.58312,2180.156,0.007242215,0.4387785,0.0434391,0.002149046,-1.296271,406,140,150,12,23
4070.786,0,128.2655,9.494376,321.5819,0.022041,150,27.80054,923.9906,0.005828,282.8536,21.47916,1660.465,0.007248076,0.2110478,0.04311991,0.001336493,-1.390332,396,140,150,12,23
3990.9,0,128.2655,9.25998,320.454,0.868842,150,28.57536,956.5823,0.019184,281.4227,20.94893,1670.228,0.007249798,0.2199264,0.04535851,0.001431755,-1.067396,402,140,150,14,23
4189.302,0,128.2655,10.13074,330.2682,0.868843,150,29.3771,1037.551,0.01936,275.3281,20.68529,1952.923,0.007210218,0.2009353,0.0442268,0.001109238,-1.54352,512,140,150,11,23
4199.493,0,128.2655,9.322247,336.9748,0.389819,149.9829,28.5421,1053.756,0.01936,183.9032,21.1362,1729.768,0.007240354,0.1814395,0.04210932,0.001165931,-1.1052,396,140,149.9829,13,23
4154.619,0,128.2655,9.274273,322.7787,0.868842,149.9983,30.07282,925.6552,0.01936,284.9033,20.73017,1890.463,0.007235971,0.3032684,0.04227084,0.001468519,-1.978528,397,140,149.9983,12,23
4004.623,0,128.2655,8.901675,315.1094,0.476519,149.98,28.03586,1012.886,0.018832,282.8536,23.28259,2021.578,0.007219647,0.3149055,0.04695543,0.001578656,-0.8978078,499,140,149.98,11,23
4136.097,0,128.2655,9.180683,323.4585,0.868842,149.9772,28.52649,1054.057,0.018656,160.0043,23.88263,1413.916,0.007242413,0.1908688,0.04543367,0.001167124,-1.173891,364,140,149.9772,12,23
4212.496,0,128.2655,9.158385,332.5321,0.370002,149.9998,28.17082,1048.946,0.019008,282.8535,24.24959,1677.794,0.007224368,0.1667139,0.04463798,0.00105266,-0.2812792,500,140,149.9998,11,23
4162.867,0,128.2655,9.179516,344.6882,0.182733,150,29.15853,1121.788,0.018832,280.804,20.257,2143.899,0.007345562,0.1900673,0.04418278,0.001193026,-0.640244,364,140,150,13,23
4155.564,0,128.2655,9.039252,343.4367,0.868843,149.9983,27.0721,1134.795,0.019008,222.5306,23.37721,1808.658,0.007353017,0.1733735,0.04566653,0.001059864,-1.082006,367,140,149.9983,14,23
4330.107,0,128.2655,9.118726,359.2569,0.868841,150,27.03964,1172.13,0.018832,263.344,20.5314,1932.27,0.007349371,0.1994058,0.04325543,0.00102992,-0.3907699,364,140,150,10,23
4187.395,0,128.2655,9.273136,334.7663,0.140788,150,30.99014,1123.087,0.019008,247.5624,20.57495,1802.597,0.007302306,0.280885,0.043027,0.001433805,-1.232259,368,140,150,11,23
4271.098,0,128.2655,9.653522,342.3353,0.24593,149.9931,31.31512,1073.11,0.019008,282.8536,23.93353,1851.933,0.00729931,0.1673855,0.04254582,0.00100037,-1.745732,507,140,149.9931,11,23
4122.702,0,128.2655,9.335702,343.2214,0.868842,150,30.9275,1090.823,0.018656,270.5826,21.56787,1992.15,0.007347194,0.197042,0.04450525,0.001120458,-0.62568,493,140,150,13,23
4162.977,0,128.2655,10.31845,324.6531,0.868843,150,29.89064,1050.984,0.01936,244.5954,20.96175,1833.057,0.007267779,0.3799881,0.04399139,0.00230798,-1.25546,369,140,150,9,23
4019.017,0,128.2655,8.994939,319.9343,0.436711,150,29.77558,1029.697,0.01848,282.8534,21.04814,2127.506,0.007349166,0.1646501,0.04526657,0.001106353,-0.741345,360,140,150,14,23
4210.37,0,128.2655,9.174159,338.5013,0.868842,150,27.03433,1136.717,0.019008,284.9033,22.05146,1680.222,0.007348604,0.1647185,0.04250226,0.0007729227,-0.08150798,469,140,150,14,23
4238.561,0,128.2655,9.395171,341.0762,0.868842,150,27.79228,1041.562,0.019184,197.5151,21.72763,1567.116,0.007343352,0.1648206,0.04261128,0.000899768,-0.6287525,362,140,150,8,23
4298.687,0,128.2655,10.42048,338.8946,0.868841,149.9998,30.63026,998.0382,0.018656,284.9034,20.54716,2167.392,0.007338008,0.1648428,0.04133533,0.0008821161,-0.9655649,470,140,149.9998,8,23
4105.119,0,128.2655,9.174575,318.4411,0.068926,149.6718,29.58849,971.7396,0.019184,282.8538,19.2848,2027.493,0.007235645,0.1783172,0.04491088,0.001095553,-1.333593,369,140,149.6718,12,23
4198.839,0,128.2655,9.088038,333.0391,0.868842,149.9894,30.99014,1016.3,0.018832,229.1321,22.74839,1628.342,0.007203452,0.3917362,0.04396219,0.002011993,-1.71256,508,140,149.9894,12,23
4085.158,0,128.2655,9.039251,321.3641,0.868841,149.9996,29.6097,965.8959,0.019008,258.524,20.39382,2041.775,0.007227841,0.2312101,0.04590521,0.001289997,-1.314138,486,140,149.9996,13,23
4154.3,0,128.2655,10.11779,319.5081,0.868841,149.9959,28.14008,967.7863,0.019712,209.3082,21.21354,1615.506,0.007232469,0.192351,0.04413807,0.001049147,-1.464407,371,140,149.9959,13,23
4284.972,0,128.2655,9.654517,335.3494,0.00851,150,28.16628,1018.397,0.019184,282.8539,22.4963,1636.469,0.007243398,0.1647683,0.04230659,0.001026496,-0.6181233,372,140,150,10,23
4093.094,0,128.2655,9.174158,322.9805,0.611696,150,29.81116,961.3379,0.019536,214.4967,22.83077,1579.327,0.007243432,0.2165501,0.04263406,0.001463445,-1.680878,362,140,150,13,23
4108.428,0,128.2655,9.174159,315.9464,0.868842,149.9935,26.71489,991.288,0.018832,284.9034,21.08236,2002.857,0.007248291,0.2023223,0.04497517,0.0009404605,-0.5730784,363,140,149.9935,9,23
4092.818,0,128.2655,9.535773,318.2873,0.017195,149.9906,28.07154,1090.637,0.018832,238.224,22.96028,1659.929,0.007209323,0.1647293,0.04257119,0.001033994,-0.8391424,482,140,149.9906,14,23
4162.054,0,128.2655,9.360142,315.1215,0.868842,150,30.59343,1039.179,0.019184,284.9036,21.45543,2080.288,0.00724232,0.1646512,0.04334256,0.0008130476,-0.8026379,375,140,150,13,23
4181.903,0,128.2655,9.890295,320.8918,0.318483,150,29.46792,957.6014,0.019536,282.8535,20.30422,1959.834,0.007224785,0.1908245,0.04273772,0.001077418,-1.337653,505,140,150,11,23
4219.582,0,128.2655,9.702421,330.7876,0.868842,150,28.1079,934.6603,0.019536,267.5172,21.13609,1907.59,0.007237665,0.1647854,0.04405768,0.0009248258,-0.878145,414,140,150,13,23
4121.442,0,128.2655,9.174159,318.0642,0.868842,149.9995,29.4998,933.7774,0.018832,241.1812,21.56787,1821.721,0.007245379,0.1648384,0.04322106,0.001117081,-1.698366,370,140,149.9995,11,23
4008.568,0,128.2655,9.039252,316.9691,0.483095,149.9974,29.97614,940.6065,0.019008,274.1904,19.13636,2162.09,0.007225547,0.2290273,0.04589689,0.001672451,-1.864354,475,140,149.9974,12,23
4107.924,0,128.2655,9.373667,321.613,0.258812,150,30.36167,922.919,0.019184,282.8538,21.06499,1985.535,0.007223919,0.3143576,0.04314688,0.001935472,-1.28802,476,140,150,11,23
4252.112,0,128.2655,9.173465,346.9751,0.575359,150,28.90558,974.7329,0.01936,282.8536,20.23753,1852.162,0.007200416,0.230624,0.04216504,0.001449397,-1.824002,478,140,150,12,23
4211.127,0,128.2655,9.581526,334.1431,0.532452,149.9863,29.42173,1106.966,0.018832,223.417,26.43158,1629.631,0.007240801,0.224057,0.04408429,0.001378185,-0.8419573,367,140,149.9863,11,23
4244.711,0,128.2655,10.77213,325.3324,0.868842,150,27.60412,1063.602,0.019184,284.9033,20.18719,2065.232,0.007238242,0.2160722,0.04243786,0.001132857,-0.8680035,367,140,150,9,23
4272.317,0,128.2655,10.41392,347.752,0.243781,149.3803,30.29945,1080.598,0.019008,282.8535,21.13265,2126.225,0.007247476,0.2219751,0.04125792,0.001457151,-1.179214,379,140,149.3803,10,23
4172.853,0,128.2655,9.740833,322.9377,0.213401,149.9994,28.8048,1003.896,0.018832,282.8535,20.60482,1772.58,0.007238945,0.1845707,0.04269553,0.001089604,-1.63848,368,140,149.9994,12,23
4195.86,0,128.2655,9.661214,329.1544,0.868842,150,27.62202,940.6808,0.018656,258.6734,20.40652,1710.319,0.007248822,0.194663,0.04269321,0.0009969075,-1.183487,373,140,150,13,23
4107.279,0,128.2655,9.174159,323.994,0.868842,149.9974,25.50784,971.0544,0.019184,271.4765,21.08648,1682.472,0.007246914,0.2071712,0.04319256,0.00126161,-0.7221761,365,140,149.9974,14,23
4222.759,0,128.2655,10.77573,312.434,0.868842,150,28.37645,957.2483,0.019888,206.4877,22.52635,1538.744,0.007248799,0.1647893,0.04336699,0.0008446887,-0.4418299,354,140,150,10,23
4133.623,0,128.2655,9.674804,320.476,0.868843,150,27.52125,1016.964,0.019008,284.9033,21.88739,2036.787,0.007195039,0.1919468,0.0435841,0.0009794486,-1.156261,465,140,150,13,23
4212.551,0,128.2655,9.452262,329.2364,0.449183,149.9989,28.38849,946.3812,0.019008,285.0137,20.40391,1741.912,0.007243232,0.408468,0.0425665,0.002075465,-1.143558,373,140,149.9989,9,23
4254.696,0,128.2655,9.541078,342.0204,0.321644,149.9483,28.58623,967.2853,0.019536,282.8536,21.77346,1752.272,0.00724139,0.1647894,0.04351435,0.0009671112,-0.9725638,375,140,149.9483,10,23
4150.99,0,128.2655,10.28633,314.7168,0.868842,150,28.90652,977.7451,0.019712,284.9033,20.39369,2100.596,0.007244332,0.1959623,0.04271474,0.001144781,-0.5441409,372,140,150,13,23
4100.963,0,128.2655,10.18846,306.3279,0.19652,150,30.1144,964.1558,0.019184,253.414,20.93221,2014.009,0.007221563,0.1779004,0.04294038,0.00104409,-1.078084,503,140,150,12,23
4197.345,0,128.2655,9.88994,323.7642,0.211268,149.4665,27.03964,970.6941,0.019184,282.8538,21.44848,2108.787,0.007232536,0.2823989,0.04252214,0.001424856,-1.059579,480,140,149.4665,10,23
4233.622,0,128.2655,9.922141,322.3626,0.313192,149.9975,28.72718,988.3054,0.019536,282.8535,18.23534,2268.471,0.007230997,0.2157667,0.0420227,0.001197412,-1.118296,372,140,149.9975,13,23
4177.14,0,128.2655,9.234382,331.2153,0.868843,149.9961,29.83013,1073.223,0.019536,284.9033,20.23753,2171.5,0.007227682,0.1947843,0.04266055,0.001006601,-1.291303,486,140,149.9961,13,23
4212.826,0,128.2655,9.351335,321.1017,0.868842,149.9988,29.14196,982.9851,0.019536,270.9366,19.94373,2312.095,0.00724805,0.2136855,0.04251794,0.001293377,-1.446432,365,140,149.9988,10,23
4341.404,0,128.2655,9.71279,358.8057,0.056169,150,30.02729,1072.468,0.019712,282.8539,21.32313,2117.882,0.007236983,0.2594706,0.04109428,0.001638557,-1.017212,371,140,150,10,23
4158.401,0,128.2655,10.46686,314.276,0.868843,150,29.48931,1013.816,0.019536,195.1317,21.13608,1613.285,0.007240575,0.3825016,0.04384745,0.00161596,-1.004809,416,140,150,12,23
4279.598,0,128.2655,10.0537,327.4864,0.166172,149.9171,28.51144,1000.171,0.01936,282.8536,22.42341,1819.545,0.007198937,0.1648504,0.04204797,0.0008978018,-1.643338,517,140,149.9171,6,23
4236.631,0,128.2655,9.50643,329.9554,0.868842,149.9944,25.3653,1064.749,0.018832,276.2731,21.12351,1938.196,0.007242998,0.1755851,0.04252292,0.0009667163,0.1429827,400,140,149.9944,10,23
4299.21,0,128.2655,9.324533,347.6096,0.804468,149.9769,26.01572,1037.008,0.017732,266.9748,22.03163,1836.716,0.007240748,0.2225698,0.04244448,0.001140214,-0.4004104,371,140,149.9769,12,23
4055.688,0,128.2655,9.200106,316.7429,0.868842,149.9365,29.6203,942.6987,0.019184,284.9034,18.27865,2197.365,0.007205742,0.3374127,0.04570214,0.002525446,-1.16025,480,140,149.9365,13,23
4182.116,0,128.2655,9.101995,323.1981,0.868843,149.9955,27.03964,981.1632,0.018612,204.0663,21.72763,1579.294,0.007238059,0.2666343,0.04414409,0.001336535,-1.338031,374,140,149.9955,9,23
4185.455,0,128.2655,9.209376,336.2069,0.868842,149.9986,29.65243,1047.821,0.01936,256.6687,23.35935,1841.887,0.007227375,0.1647971,0.04266648,0.0009156895,-1.742553,479,140,149.9986,9,23
4289.621,0,128.2655,10.29856,321.9923,0.868842,149.9305,28.29732,1012.313,0.019184,188.4976,23.53938,1431.861,0.007240077,0.1647215,0.04284572,0.0008103921,-1.164781,368,140,149.9305,10,23
4066.579,0,128.2655,9.210441,321.6715,0.734751,150,28.53071,981.2877,0.018832,282.8536,20.57484,2007.059,0.007223552,0.3409999,0.04250022,0.002295399,-1.167055,473,140,150,14,23
4262.973,0,128.2655,9.726995,328.2663,0.343487,150,29.48088,1025.453,0.018656,282.8538,21.1854,2090.915,0.007213433,0.1809477,0.04409427,0.001060303,-2.038809,510,140,150,7,23
4254.863,0,128.2655,9.635277,331.3503,0.868842,150,29.93292,1053.816,0.019008,205.423,23.82089,1669.905,0.007245429,0.2145024,0.04241194,0.001235723,-1.887769,402,140,150,10,23
4200.749,0,128.2655,9.574843,323.6054,0.868842,149.9984,28.30536,950.6475,0.018832,274.1904,20.21384,1740.812,0.007220691,0.1648923,0.04268802,0.00089405,-1.265606,509,140,149.9984,12,23
4129.233,0,128.2655,9.174159,330.5175,0.868842,149.6608,28.95623,957.3602,0.019008,284.9032,20.23753,1826.599,0.007232385,0.1871059,0.04709461,0.001190225,-1.604214,509,140,149.6608,12,23
4173.263,0,128.2655,9.174159,326.5336,0.241944,149.997,28.47598,1089.985,0.019184,282.8535,23.60812,1883.661,0.007240518,0.3275928,0.04246859,0.001469099,-0.7950521,400,140,149.997,14,23
4050.025,0,128.2655,9.323995,313.5165,0.020948,149.9856,29.40883,979.3617,0.018656,282.8539,21.81361,1927.909,0.007211331,0.1660127,0.04551844,0.001095095,-1.191354,497,140,149.9856,13,23
4071.655,0,128.2655,9.154038,325.7063,0.868842,149.9999,26.92717,934.1132,0.019008,272.5846,21.55451,1690.189,0.007222176,0.3829282,0.04296722,0.002637989,-1.8243,476,140,149.9999,11,23
4147.131,0,128.2655,9.402343,329.0958,0.501384,149.9995,28.9239,1077.435,0.01848,229.5232,20.7427,1828.689,0.007238712,0.205621,0.04432773,0.001152398,-1.592395,363,140,149.9995,13,23
4075.421,0,128.2655,9.59275,314.3222,0.513289,150,28.75811,942.3211,0.018832,281.681,20.23753,1980.705,0.00722337,0.2501621,0.04355623,0.001458909,-1.771496,477,140,150,11,23
4144.736,0,128.2655,9.943765,319.9979,0.868842,149.9997,27.86827,952.3032,0.019712,270.5826,20.0049,1835.594,0.007247276,0.2131917,0.04394081,0.001263296,-1.081178,365,140,149.9997,10,23
4262.393,0,128.2655,10.45979,328.8998,0.868843,149.999,27.10442,969.2575,0.01936,161.987,20.62604,1578.561,0.007235599,0.1895779,0.04262341,0.000983389,-0.8095784,401,140,149.999,9,23
4225.223,0,128.2655,9.69301,332.8828,0.868842,149.9879,27.03964,978.3432,0.019184,284.9032,21.44848,1727.546,0.007247926,0.1956791,0.04262196,0.001175177,-1.442614,401,140,149.9879,13,23
4212.432,0,128.2655,9.819791,323.4973,0.868842,149.9999,29.61011,1029.537,0.019008,182.5035,22.19792,1693.933,0.007236629,0.2160053,0.04391507,0.001231019,-1.030208,425,140,149.9999,12,23
4134.225,0,128.2655,9.360142,315.728,0.868842,148.4005,30.26078,1012.011,0.019184,228.7008,20.56655,1915.256,0.007242452,0.3580403,0.04504355,0.001736599,-1.690282,536,140,148.4005,9,23
4177.18,0,128.2655,9.843771,321.3588,0.746924,150,29.27032,1026.72,0.019008,282.8536,20.4102,2060.585,0.007236197,0.1646683,0.04299141,0.0008495753,-1.143285,414,140,150,9,23
4241.833,0,128.2655,9.761399,334.0719,0.218346,149.9861,29.84186,961.8105,0.019184,277.7981,20.32865,1829.08,0.00720712,0.1648613,0.04368654,0.0008945774,-1.090399,506,140,149.9861,7,23
4251.68,0,128.2655,9.601435,332.272,0.126023,150,29.56887,940.0498,0.019536,228.9166,20.12328,1692.873,0.007206746,0.1647969,0.04157389,0.0009529851,-1.643644,506,140,150,12,23
4105.531,0,128.2655,9.731624,320.4,0.868842,150,29.58853,946.6505,0.01936,284.9034,20.56835,1890.616,0.007219869,0.2085784,0.04381441,0.001224638,-1.215882,468,140,150,13,23
4152.775,0,128.2655,9.176597,330.5813,0.868842,149.9995,28.82331,976.6467,0.019008,164.9003,21.41657,1496.558,0.007249475,0.2837157,0.04434488,0.001510991,-1.873108,354,140,149.9995,14,23
4373.331,0,128.2655,10.58946,336.1127,0.868842,150,31.18119,926.7926,0.019536,240.2956,21.56787,1878.387,0.007238366,0.2657625,0.04129605,0.001337865,-1.787958,405,140,150,10,23
4248.615,0,128.2655,9.527932,354.6416,0.396129,149.9973,28.31292,962.8045,0.019184,277.7981,21.01282,1862.784,0.007215229,0.236179,0.04391396,0.001136288,-1.20238,503,140,149.9973,13,23
4323.945,0,128.2655,10.69984,327.4312,0.868842,150,30.32412,1074.414,0.019008,284.9032,21.04194,2490.102,0.007198827,0.1655544,0.04191117,0.000935066,-1.47644,509,140,150,7,23
4239.581,0,128.2655,10.66483,326.3202,0.868842,149.9959,28.46735,967.6363,0.019712,284.9033,21.88739,2056.288,0.00722569,0.1996435,0.04250879,0.0009729934,-1.333919,505,140,149.9959,9,23
4208.699,0,128.2655,9.666565,319.0532,0.868842,149.9743,30.96402,971.4355,0.01936,284.9032,21.72763,2239.888,0.0072083,0.1648669,0.04246028,0.0009534536,-1.544037,504,140,149.9743,11,23
4221.24,0,128.2655,9.421197,328.0482,0.553434,149.9992,27.22156,922.0583,0.018832,214.7127,20.3879,1508.283,0.007222991,0.1649331,0.04273184,0.0008961854,-0.9389384,507,140,149.9992,9,23
4092.948,0,128.2655,9.315921,307.2913,0.868842,150,29.04548,978.0432,0.018832,204.6048,21.13265,1571.952,0.007249548,0.2196134,0.04414801,0.001057231,-0.8100706,396,140,150,13,23
4122.929,0,128.2655,9.608382,324.0822,0.868842,149.9975,30.28089,984.9156,0.01936,272.6024,19.28481,1906.676,0.00723514,0.1840807,0.04507293,0.001029113,-1.039953,395,140,149.9975,14,23
4285.997,0,128.2655,9.384376,329.6988,0.868842,150,30.15864,1026.289,0.018656,277.7981,21.72138,1862.238,0.007220557,0.1931987,0.04177827,0.0009674793,-1.496682,513,140,150,10,23
4085.628,0,128.2655,9.785095,320.7246,0.868842,150,29.6156,967.79,0.019184,277.7981,21.61381,2285.838,0.007231277,0.2668237,0.04660633,0.001585854,-1.901202,397,140,150,13,23
4176.376,0,128.2655,10.38975,313.6676,0.868842,150,29.44861,1004.557,0.019536,273.1363,20.68529,1994.443,0.007243184,0.1646691,0.04394178,0.000807705,-1.494829,397,140,150,11,23
4066.032,0,128.2655,9.174159,323.7952,0.868842,150,27.03964,1090.393,0.01848,258.144,20.20086,1750.159,0.007246872,0.3088273,0.04414515,0.001597228,-1.051421,401,140,150,14,23
4199.473,0,128.2655,10.50055,332.2023,0.868842,150,27.45813,1046.83,0.01936,220.5846,22.09844,1633.823,0.007235518,0.4163077,0.04351644,0.00175093,-1.287797,421,140,150,11,23
4115.689,0,128.2655,9.039252,320.9888,0.868843,149.9999,27.42336,968.1849,0.019008,268.1967,19.29503,2232.804,0.007211459,0.2669283,0.04267633,0.001373076,-0.9667348,526,140,149.9999,11,23
4245.291,0,128.2655,10.67888,323.4298,0.868843,150,30.56754,1006.875,0.019184,212.0723,23.88263,1560.811,0.007228605,0.2004209,0.04259616,0.001109323,-1.538945,522,140,150,12,23
4164.982,0,128.2655,9.199206,327.1227,0.293626,149.9994,29.41665,1062.045,0.019184,282.8536,27.7655,1630.831,0.007249019,0.2556771,0.04297047,0.001508995,-1.573375,410,140,149.9994,14,23
4052.951,0,128.2655,9.17416,313.6855,0.868843,150,29.60511,974.4065,0.019008,215.0764,21.56787,1446.026,0.007216955,0.1649147,0.04504352,0.001001692,-1.255803,528,140,150,13,23
4106.862,0,128.2655,9.526001,308.09,0.868842,149.9999,29.36449,1001.243,0.018832,221.2419,20.38791,1679.096,0.007244129,0.1648534,0.04264634,0.0008581557,-1.158519,414,140,149.9999,9,23
4117.542,0,128.2655,9.174159,324.154,0.868842,150,30.75144,1034.573,0.00114,207.9469,22.64587,1563.596,0.0072292,0.1647114,0.04517437,0.0008324947,-0.7019683,375,140,150,14,23
4227.079,0,128.2655,10.38289,321.1596,0.540006,150,27.67645,979.4833,0.019184,282.8536,21.77346,1955.213,0.007243856,0.3194107,0.04273849,0.002090877,-0.7530072,352,140,150,10,23
4155.913,0,128.2655,9.375044,346.9969,0.52824,149.9798,28.55906,1022.938,0.018579,282.8536,22.09844,1700.085,0.007207276,0.2448273,0.04706503,0.001348944,-1.067103,467,140,149.9798,9,23
4204.522,0,128.2655,9.357315,338.9093,0.868842,150,27.09164,987.9012,0.019184,186.9101,22.7926,1280.679,0.007217023,0.2112714,0.04511306,0.001182124,-1.507646,497,140,150,14,23
4189.211,0,128.2655,9.768944,331.8052,0.588983,149.521,29.22754,1087.832,0.019008,245.5863,20.62614,1834.208,0.007230515,0.195128,0.04220559,0.001088486,-0.7631485,473,140,149.521,14,23
4186.766,0,128.2655,9.964838,321.9961,0.868842,149.9997,29.931,1083.331,0.019184,238.8053,21.03056,1936.473,0.00724304,0.1978507,0.04254329,0.001171762,-1.074816,362,140,149.9997,9,23
4099.517,0,128.2655,9.309457,337.6543,0.482413,150,27.03964,927.1259,0.008769,197.8181,19.93368,1687.204,0.007209054,0.2222667,0.04601223,0.001654464,-1.2907,476,140,150,11,23
4094.176,0,128.2655,9.35736,319.8573,0.868841,149.9992,27.75494,1008.972,0.019536,270.5826,20.47355,1924.411,0.007234213,0.174896,0.04521711,0.0009525804,-0.5863289,362,140,149.9992,14,23
4225.345,0,128.2655,9.205728,342.3552,0.868842,149.9723,29.23483,1109.404,0.019008,284.9034,21.0649,1907.393,0.007242397,0.3205707,0.04155666,0.001758093,-0.9414973,362,140,149.9723,15,23
4324.74,0,128.2655,10.36047,328.2384,0.424972,149.999,29.69995,1095.769,0.019184,282.8534,20.18719,1929.241,0.007240601,0.2048022,0.0419781,0.0009490772,-0.8461636,362,140,149.999,9,23
4201.391,0,128.2655,9.564487,343.3037,0.868842,149.9861,27.6564,1042.307,0.019712,275.1077,20.40662,1839.936,0.007242114,0.259948,0.04305085,0.001591282,-0.3190751,362,140,149.9861,13,23
4320.332,0,128.2655,9.306107,335.843,0.868843,150,27.03964,996.5964,0.019184,268.8851,24.30931,1725.343,0.007229122,0.1647648,0.04298462,0.0009583248,-0.5050846,355,140,150,10,23
4118.208,0,128.2655,9.298639,321.0807,0.868843,149.9999,27.03964,920.8434,0.018832,214.8589,20.01943,1517.804,0.00724436,0.1958427,0.042642,0.001245015,-0.8793728,365,140,149.9999,13,23
4037.456,0,128.2655,9.118728,316.1577,0.593055,150,27.90711,941.6438,0.019008,274.1904,21.02854,1954.048,0.007237164,0.2778157,0.04337522,0.001576348,-0.8975148,368,140,150,12,23
4174.82,0,128.2655,9.787683,327.8178,0.868842,149.9997,27.7266,996.8026,0.018656,284.9032,25.83891,1482.549,0.007241725,0.1648019,0.04481563,0.0008912117,-0.9084737,357,140,149.9997,10,23
4229.882,0,128.2655,10.63717,322.8447,0.868842,149.9999,31.31512,961.5266,0.01936,209.198,21.56787,1618.589,0.007232569,0.2940738,0.04113111,0.001443085,-1.810939,357,140,149.9999,11,23
4150.53,0,128.2655,9.226669,330.6942,0.152402,149.9947,27.03964,1019.642,0.018656,208.4603,20.55519,1729.559,0.007235771,0.1732901,0.04451366,0.001127944,-0.8299225,362,140,149.9947,14,23
4259.732,0,128.2655,10.25914,323.218,0.868842,150,28.67823,998.2611,0.007552,172.2157,21.02464,1497.442,0.007235466,0.1648131,0.0426033,0.0008616203,-0.9330092,368,140,150,9,23
4176.029,0,128.2655,9.174159,335.9684,0.331557,150,28.38847,1031.901,0.019008,280.804,24.65958,1732.707,0.00724407,0.1647501,0.04432674,0.0008767651,-0.6934127,365,140,150,11,23
4080.573,0,128.2655,9.336903,319.5615,0.868842,150,30.65757,981.6346,0.019184,284.9033,23.60812,1940.583,0.007217816,0.2598271,0.04507484,0.001415365,-1.050945,486,140,150,13,23
4117.919,0,128.2655,9.408937,324.61,0.868842,150,27.88823,940.1949,0.019184,279.7486,20.29242,2038.29,0.007248132,0.384774,0.04342179,0.001742696,-1.800354,365,140,150,12,23
4138.202,0,128.2655,9.268084,326.5139,0.827286,149.8929,29.03624,996.1713,0.019008,282.8536,20.61707,2043.365,0.007204073,0.2280195,0.04399711,0.001347614,-2.166731,512,140,149.8929,14,23
4130.14,0,128.2655,9.174159,320.6099,0.120772,150,28.54921,987.1253,0.008134,282.8536,20.57495,1856.162,0.007231137,0.2139408,0.046679,0.001271436,-1.393387,398,140,150,12,23
4061.328,0,128.2655,9.118727,324.4555,0.868842,150,27.79197,938.1926,0.018832,284.9034,19.97201,1806.681,0.007216371,0.1874476,0.04711804,0.001218669,-1.816242,521,140,150,13,23
4189.908,0,128.2655,9.55501,322.6618,0.868842,149.9871,29.1843,1024.934,0.01936,277.7981,21.3979,2016.113,0.007246062,0.2000777,0.04207653,0.001099051,-1.477279,372,140,149.9871,13,23
4056.397,0,128.2655,9.17416,311.5972,0.028074,149.9998,29.60909,939.1361,0.019008,282.8535,21.37282,1839.636,0.007248088,0.464182,0.04252934,0.003290277,-1.58486,367,140,149.9998,12,23
4122.301,0,128.2655,9.174159,317.0541,0.868842,149.9999,27.03964,946.3215,0.019536,227.5771,21.63265,1934.2,0.007239392,0.2453932,0.0422851,0.001340491,-0.9369689,358,140,149.9999,7,23
4127.807,0,128.2655,9.174159,320.1437,0.868842,149.9836,29.67912,943.0712,0.01936,227.5771,20.49726,1782.334,0.007228379,0.2228431,0.04247338,0.001415125,-1.518462,485,140,149.9836,10,23
4069.134,0,128.2655,8.904836,321.9613,0.868842,150,29.24901,919.3668,0.018304,191.917,20.23753,1523.666,0.007225153,0.2439094,0.04474966,0.001451026,-1.321261,481,140,150,13,23
4315.055,0,128.2655,10.64538,324.4358,0.868842,149.9801,29.06253,1049.74,0.019184,180.8525,24.02226,1422.286,0.007246147,0.2114227,0.04086411,0.001140685,-0.9173474,366,140,149.9801,10,23
4129.089,0,128.2655,9.683501,320.626,0.868843,150,26.99609,1014.729,0.019008,213.1828,21.6364,1568.2,0.007234398,0.2028758,0.04585187,0.001053481,-0.2672312,369,140,150,13,23
4173.176,0,128.2655,9.404579,314.8593,0.868842,150,27.4276,985.5903,0.01936,245.2428,21.44848,1700.663,0.007231146,0.1731389,0.04305629,0.001133938,-0.7766296,372,140,150,9,23
4156.959,0,128.2655,9.971616,317.3157,0.868842,150,27.62567,999.6852,0.018832,165.5861,21.77346,1474.665,0.007222505,0.1647002,0.0437833,0.0009366502,-0.9474767,480,140,150,10,23
4207.512,0,128.2655,9.17416,364.7423,0.868843,149.9961,27.03964,1044.78,0.018832,260.0881,21.56787,1435.371,0.007236251,0.1647234,0.04439231,0.001041883,-0.5367283,511,140,149.9961,12,23
4129.714,0,128.2655,9.419585,314.4934,0.868843,150,27.35725,936.4094,0.01936,205.7309,21.0648,1701.922,0.007247002,0.2416887,0.04429548,0.001538561,-1.510561,409,140,150,10,23
4185.019,0,128.2655,9.010457,342.8068,0.868842,149.9966,28.27859,1008.114,0.018832,253.8304,20.39355,1731.775,0.00720894,0.2032722,0.04393966,0.001288868,-1.594398,524,140,149.9966,13,23
4196.707,0,128.2655,9.955609,322.9735,0.868843,150,29.98335,965.3634,0.019008,284.903,20.23753,2045.027,0.007211622,0.2956179,0.04271151,0.001669269,-1.19337,478,140,150,13,23
4173.447,0,128.2655,10.35798,312.6393,0.119355,150,28.38647,993.5418,0.01936,282.8534,23.88263,1769.258,0.007242456,0.1806654,0.04228185,0.001149711,-1.291317,393,140,150,9,23
4216.583,0,128.2655,9.236919,336.0491,0.290678,149.9971,28.63583,1182.585,0.018656,282.8538,25.27968,1682.495,0.007239299,0.1647954,0.04313362,0.001160533,-0.8444286,388,140,149.9971,13,23
4239.996,0,128.2655,9.174159,343.4071,0.868842,150,29.838,1101.834,0.018656,262.1331,22.09844,1854.228,0.007218182,0.1674929,0.04440881,0.0009057011,-0.9341785,492,140,150,12,23
4433.222,0,128.2655,10.56497,345.4918,0.868842,149.9576,29.35354,1146.092,0.013842,284.9034,24.32033,2089.296,0.007203275,0.1808654,0.04021809,0.0007884081,-1.181946,469,140,149.9576,10,23
4131.184,0,128.2655,9.620578,317.6147,0.868843,150,27.31621,987.0827,0.01936,284.9033,20.54702,1877.431,0.007239666,0.1722528,0.04432965,0.0009482704,-0.4790135,382,140,150,11,23
4065.065,0,128.2655,9.216243,309.8015,0.868842,149.9965,26.09711,955.3145,0.019008,261.4825,21.0649,1728.485,0.007202845,0.1715765,0.04345853,0.001139951,-0.8698413,465,140,149.9965,14,23
4283.983,0,128.2655,10.46686,344.3982,0.868843,149.9992,26.37322,1112.556,0.019008,272.5846,22.97028,1873.773,0.00734075,0.284381,0.0429101,0.001467149,-0.6624188,469,140,149.9992,10,23
4100.71,0,128.2655,8.513367,336.4985,0.868842,150,28.65586,1131.291,0.018304,270.5826,23.71028,1600.892,0.007354282,0.1648047,0.04513833,0.0009304129,-0.9364701,476,140,150,15,23
4285.814,0,128.2655,10.34054,354.0807,0.868843,149.9997,30.99014,1188.876,0.019008,274.0959,21.72763,2203.802,0.007342525,0.1648099,0.04215009,0.0008051466,-0.9439899,471,140,149.9997,11,23
4282.679,0,128.2655,10.09304,352.4794,0.868842,149.8587,28.79737,1129.175,0.017658,270.5826,22.05146,1991.967,0.007232116,0.1804878,0.04516419,0.0009136899,-0.2599166,360,140,149.8587,12,23
4178.819,0,128.2655,10.43633,328.4411,0.868842,150,27.03964,1115.676,0.019536,243.2268,22.33516,1867.852,0.007353674,0.1648404,0.04367079,0.0008650017,-0.2391765,360,140,150,12,23
4103.878,0,128.2655,9.118727,325.8202,0.868842,150,29.34696,1135.657,0.019184,274.1904,20.06894,2016.274,0.007351512,0.3767933,0.04380417,0.001859895,-0.7942454,361,140,150,14,23
4140.494,0,128.2655,9.455092,314.7955,0.72061,150,27.53778,1124.503,0.018656,282.8535,22.70121,1773.889,0.007332129,0.2087937,0.0435957,0.001291046,-0.01230247,357,140,150,12,23
4190.156,0,128.2655,9.174159,336.1682,0.868842,150,30.59875,1077.259,0.019008,284.9033,20.57495,1982.189,0.007348592,0.4231522,0.04252373,0.002632014,-0.7388011,364,140,150,11,23
4163.265,0,128.2655,9.174159,340.2395,0.868842,150,29.2037,1071.159,0.01848,284.9033,22.43322,2177.827,0.007351489,0.1646303,0.04461628,0.0009167056,-1.129461,354,140,150,10,23
4294.694,0,128.2655,10.17158,335.5117,0.868842,149.9944,28.38355,1010.098,0.018832,270.5826,20.93013,2098.518,0.007356708,0.1649038,0.04243008,0.0008875742,-1.290077,468,140,149.9944,9,23
4053.562,0,128.2655,9.174158,314.7367,0.78573,150,26.57444,910.8042,0.01936,282.8536,19.14162,2009.947,0.007239301,0.3153683,0.04345769,0.001540979,-1.375979,364,140,150,11,23
4189.814,0,128.2655,10.40708,317.6962,0.868842,149.9996,29.47966,932.1021,0.019184,216.6782,20.39816,1656.459,0.00724103,0.347905,0.04202801,0.001637509,-1.319777,382,140,149.9996,11,23
4115.56,0,128.2655,9.41012,315.8605,0.868842,149.9985,30.455,948.1811,0.019536,237.8126,24.15714,1641.593,0.007241112,0.1875648,0.04398413,0.00100231,-1.284822,393,140,149.9985,11,23
4241.676,0,128.2655,10.35959,321.9936,0.354604,150,27.03964,980.2141,0.01936,282.8536,23.99027,1937.826,0.00735732,0.1982234,0.04230245,0.0009912661,-1.085343,482,140,150,11,23
4185.398,0,128.2655,9.118727,332.3613,0.868842,150,30.99014,1008.651,0.019008,260.3198,20.96175,2056.483,0.007212395,0.1648134,0.04280776,0.001081302,-1.413822,482,140,150,11,23
4129.332,0,128.2655,10.45898,317.2728,0.868843,150,27.88757,942.4466,0.01936,284.9032,21.88739,1788.721,0.007247641,0.2050769,0.04395419,0.001178153,-1.49758,403,140,150,10,23
4134.721,0,128.2655,9.617477,320.8041,0.107758,149.9998,27.03964,957.8348,0.018656,280.804,20.24022,1986.391,0.007200793,0.2416103,0.04442818,0.001131147,-1.142547,479,140,149.9998,11,23
4154.509,0,128.2655,9.483245,317.7959,0.096599,149.9999,31.23694,952.5006,0.01936,281.4164,18.92546,2390.296,0.007222059,0.1647412,0.04187225,0.0009291294,-2.187465,476,140,149.9999,12,23
4119.345,0,128.2655,9.353336,318.8537,0.868843,149.9599,29.22823,950.4611,0.019184,270.5826,17.54679,2037.087,0.007222786,0.1742502,0.04325074,0.0009445096,-1.512068,470,140,149.9599,14,23
4091.491,0,128.2655,9.138823,314.9978,0.868841,149.9999,27.86018,998.8819,0.019184,254.7973,23.89903,1919.31,0.007248364,0.1648235,0.04317116,0.0008604988,-1.32667,362,140,149.9999,13,23
4213.191,0,128.2655,10.20599,336.4581,0.868843,150,28.17973,1073.365,0.018832,284.903,22.17466,1997.447,0.007240373,0.1647305,0.04336036,0.0007517745,-1.276908,389,140,150,13,23
4188.469,0,128.2655,9.271812,335.543,0.868842,150,28.62015,1037.091,0.019184,270.5826,19.25872,2033.1,0.007212455,0.1647972,0.04331398,0.0007889051,-0.9685628,471,140,150,14,23
4323.729,0,128.2655,10.46686,330.8632,0.03683,149.9919,30.55468,1015.382,0.01936,211.2378,22.18735,1697.098,0.007221311,0.1819531,0.0412444,0.001046775,-1.772936,476,140,149.9919,12,23
4123.255,0,128.2655,10.17394,312.2826,0.868841,149.9997,27.19576,982.1045,0.01936,216.9602,20.76885,1587.641,0.007241479,0.1647554,0.0425603,0.0008435763,-0.7744544,362,140,149.9997,15,23
4067.777,0,128.2655,9.360142,311.2643,0.454197,149.9871,27.03964,966.6835,0.019008,273.8846,21.40811,1963.486,0.007241427,0.1647679,0.04347698,0.0009069374,-1.235863,357,140,149.9871,13,23
4034.848,0,128.2655,9.174159,315.8292,0.868842,149.9964,27.21429,1076.848,0.019184,261.2196,23.33361,1516.269,0.007234453,0.2290219,0.04442683,0.001454288,-0.7261205,382,140,149.9964,16,23
4141.83,0,128.2655,9.934382,323.4979,0.868843,150,28.22019,978.7256,0.019536,177.3586,20.24022,1534.424,0.00720276,0.1750451,0.04301903,0.0009522896,-0.365466,492,140,150,14,23
4042.299,0,128.2655,8.756384,321.1793,0.122768,150,27.03964,988.7727,0.01848,280.8041,26.87338,1380.738,0.00722172,0.4335809,0.04642674,0.002312547,-1.134476,490,140,150,14,23
4159.793,0,128.2655,9.639457,322.3433,0.868842,149.9999,27.10835,950.67,0.019008,224.1718,23.52486,1549.382,0.007246539,0.1647481,0.04533221,0.0009931464,-1.083441,378,140,149.9999,13,23
4099.65,0,128.2655,10.38443,314.0139,0.021634,150,25.86548,976.7099,0.019184,280.8041,20.84078,1817.858,0.007225065,0.2530741,0.04459141,0.001039984,-0.327589,498,140,150,14,23
4025.3,0,128.2655,9.048338,317.2822,0.868842,149.9999,29.4798,948.207,0.018832,191.3848,21.33765,1550.933,0.007216274,0.2244152,0.04441883,0.001329609,-1.596976,501,140,149.9999,14,23
4157.31,0,128.2655,9.553307,327.177,0.868842,150,30.70486,915.3369,0.019184,245.0729,20.23753,1912.546,0.007237863,0.3154533,0.04372617,0.001720253,-1.552172,357,140,150,13,23
4293.173,0,128.2655,10.46686,335.3395,0.868843,150,30.47461,1011.471,0.01936,264.227,21.99726,1653.678,0.007243,0.164873,0.04050207,0.0008923347,-1.009685,385,140,150,9,23
4144.751,0,128.2655,9.174159,342.4015,0.008507,149.9999,30.06852,1090.931,0.019184,196.4198,24.03427,1651.603,0.007232586,0.3119688,0.04328447,0.002035156,-1.567094,373,140,149.9999,14,23
4101.918,0,128.2655,9.346964,311.0556,0.868842,150,28.8803,943.0027,0.018832,263.9499,20.80267,1887.27,0.007240534,0.1646893,0.043252,0.001175152,-1.141195,381,140,150,9,23
4237.821,0,128.2655,9.174159,327.7077,0.868842,148.7785,26.96626,932.7252,0.019184,284.9032,20.21384,2133.943,0.007229596,0.2250811,0.04120824,0.00110988,-1.460556,489,140,148.7785,10,23
4068.639,0,128.2655,9.039252,329.4343,0.620022,150,28.64107,948.0851,0.01936,282.8535,21.66718,1796.016,0.007218344,0.2586356,0.04420589,0.002013035,-1.456909,484,140,150,15,23
4200.667,0,128.2655,10.10275,310.0443,0.868843,149.9893,30.62129,976.355,0.019184,284.9036,21.88739,1879.028,0.007238521,0.2603612,0.04146301,0.001254722,-1.17907,370,140,149.9893,10,23
4101.187,0,128.2655,9.246405,313.3367,0.026732,150,29.36648,966.2475,0.019008,282.8536,21.72763,1800.113,0.007228126,0.2081717,0.04498909,0.001118877,-1.276676,470,140,150,10,23
4071.989,0,128.2655,9.764124,309.6417,0.076507,150,27.06655,960.3998,0.019008,282.8536,20.24035,2136.079,0.007247445,0.1875915,0.04423195,0.001003053,-1.464776,365,140,150,15,23
4216.524,0,128.2655,9.360141,338.9518,0.336191,150,29.08802,986.9055,0.019184,276.5844,22.09844,1776.573,0.007213688,0.4525623,0.04180434,0.002532365,-1.222807,482,140,150,13,23
4214.956,0,128.2655,9.17653,318.8981,0.045898,150,30.99014,1035.124,0.001472,208.3123,22.0953,1613.553,0.007209334,0.2718857,0.04350363,0.001379764,-1.787414,504,140,150,10,23
4301.244,0,128.2655,9.999091,353.8465,0.518403,150,30.99014,1024.303,0.01936,282.8536,25.22599,1652.312,0.007226596,0.1992856,0.04429176,0.001255717,-1.414769,498,140,150,11,23
4207.063,0,128.2655,9.768569,342.983,0.098308,149.9972,29.84736,1034.587,0.019008,282.8536,19.80002,2030.393,0.007206925,0.2256785,0.04343598,0.001483437,-1.895266,475,140,149.9972,12,23
4106.009,0,128.2655,9.118727,320.597,0.868842,149.9974,30.04727,962.4863,0.019184,246.0157,23.37312,1750.471,0.007242864,0.2317592,0.04393489,0.001459753,-1.299921,358,140,149.9974,12,23
4130.703,0,128.2655,9.347339,329.4549,0.868842,149.9993,30.99014,966.9605,0.018832,274.1904,21.56787,1863.807,0.007223146,0.2453771,0.04548804,0.001455683,-1.566329,476,140,149.9993,11,23
4203.419,0,128.2655,9.561154,337.5457,0.868842,150,29.68222,984.0298,0.019184,270.7933,20.62604,1818.074,0.007235732,0.3278573,0.04264761,0.001588261,-1.718846,389,140,150,13,23
4048.141,0,128.2655,9.268092,308.8094,0.638725,149.9857,29.48119,998.2355,0.018832,282.8535,20.23753,2192.863,0.007234481,0.2198751,0.0448534,0.001201787,-1.657666,387,140,149.9857,13,23
