SimID,Number Invariant Sites,Number Invariant Sites Excluding Ambiguous,Segregating-Sites,Max GC,Max GC Excluding Ambiguous,Max Invariant Block Length,Max Invariant Block Length Excluding Ambiguous,Max Pairwise Difference,Max Pairwise Difference Excluding Ambiguous,Max Variable Block Length,Max Variable Block Length Excluding Ambiguous,Min GC,Min GC Excluding Ambiguous,Min Pairwise Difference,Min Pairwise Difference Excluding Ambiguous,Number Invariable Block,Number Invariable Block Excluding Ambiguous,Mean GC,Mean GC Excluding Ambiguous,Mean GC 1,Mean GC 1 Excluding Ambiguous,Mean GC 2,Mean GC 2 Excluding Ambiguous,Mean GC 3,Mean GC 3 Excluding Ambiguous,Var GC,Var GC Excluding Ambiguous,Var GC 1,Var GC 1 Excluding Ambiguous,Var GC 2,Var GC 2 Excluding Ambiguous,Var GC 3,Var GC 3 Excluding Ambiguous,Theta,Tajima-D,Tajima-Pi,Multinomial-Likelihood
1,35,966,1841,0.1226013,0.1256831,3,9,318,1832,512,12,0,0.08885299,0,0,26,445,0.01530993,-nan,0.01667047,-nan,0.01483429,-nan,0.01442286,-nan,0.001079762,-nan,0.001266155,-nan,0.001053314,-nan,0.0009483045,-nan,0.1779316,-3.243054,0.003919527,-8503.971
2,35,996,1841,0.1156716,0.1185792,3,12,316,1832,512,9,0,0.07915994,0,0,26,472,0.01426287,-nan,0.01309904,-nan,0.01546286,-nan,0.01422857,-nan,0.0009828421,-nan,0.0009464233,-nan,0.0009997117,-nan,0.001037765,-nan,0.1779316,-3.24894,0.003603696,-8319.473
3,35,1003,1841,0.1044776,0.1130856,3,15,306,1832,512,10,0,0.0904685,0,0,26,459,0.01386308,-nan,0.01323597,-nan,0.01457143,-nan,0.01378286,-nan,0.0008157042,-nan,0.0007750317,-nan,0.0008714939,-nan,0.000816459,-nan,0.1779316,-3.247783,0.003665767,-8237.054
4,35,970,1841,0.1226013,0.1405493,3,9,329,1832,512,9,0,0.09693053,0,0,26,480,0.01563737,-nan,0.01549521,-nan,0.01700571,-nan,0.01441143,-nan,0.001037809,-nan,0.0009951283,-nan,0.001218794,-nan,0.0009315268,-nan,0.1779316,-3.244875,0.003821792,-8509.312
5,35,974,1841,0.1311301,0.1405493,3,10,320,1832,512,14,0,0.1066236,0,0,26,459,0.01718702,-nan,0.01794843,-nan,0.01620571,-nan,0.01740571,-nan,0.001284895,-nan,0.001440722,-nan,0.001072653,-nan,0.001380612,-nan,0.1779316,-3.239558,0.004107107,-8434.16
6,35,988,1841,0.1071429,0.1099562,3,9,325,1832,512,11,0,0.08562197,0,0,26,460,0.0139735,-nan,0.01323597,-nan,0.01446857,-nan,0.01421714,-nan,0.0008858617,-nan,0.0007903794,-nan,0.0009136022,-nan,0.0009727663,-nan,0.1779316,-3.243791,0.003879972,-8392.072
7,35,945,1841,0.1092751,0.1340872,3,10,322,1832,512,9,0,0.1019417,0,0,26,479,0.01514621,-nan,0.01975126,-nan,0.01344,-nan,0.01224,-nan,0.0009477644,-nan,0.001479958,-nan,0.0008118994,-nan,0.0006763161,-nan,0.1779316,-3.242171,0.00396686,-8574.388
8,35,978,1841,0.1263326,0.1486268,3,11,318,1832,512,9,0,0.1131148,0,0,26,453,0.01762108,-nan,0.01866728,-nan,0.01411429,-nan,0.02008,-nan,0.001240114,-nan,0.001522655,-nan,0.0008646268,-nan,0.001438437,-nan,0.1779316,-3.243493,0.003895969,-8386.786
9,35,962,1841,0.1210021,0.1400966,3,8,341,1832,512,8,0,0.09369952,0,0,26,470,0.0155993,-nan,0.01597444,-nan,0.01638857,-nan,0.01443429,-nan,0.00100547,-nan,0.0010855,-nan,0.001060646,-nan,0.0009019108,-nan,0.1779316,-3.238761,0.004149839,-8477.233
10,35,982,1841,0.1162047,0.1213592,3,9,328,1832,512,11,0,0.09531502,0,0,26,448,0.0153442,-nan,0.01525559,-nan,0.01693714,-nan,0.01384,-nan,0.001022033,-nan,0.000959646,-nan,0.001288361,-nan,0.0008647247,-nan,0.1779316,-3.242215,0.003964504,-8377.07
11,35,983,1841,0.1124733,0.1166937,3,13,327,1832,512,19,0,0.09208401,0,0,26,465,0.0145332,-nan,0.01368097,-nan,0.01568,-nan,0.01424,-nan,0.0009241199,-nan,0.0008833073,-nan,0.00104062,-nan,0.0008715898,-nan,0.1779316,-3.243691,0.003885341,-8365.133
12,35,984,1841,0.1162047,0.1243942,3,15,307,1832,512,10,0,0.09854604,0,0,26,467,0.01546984,-nan,0.01612277,-nan,0.01668571,-nan,0.0136,-nan,0.001048262,-nan,0.00122491,-nan,0.0011281,-nan,0.0008325894,-nan,0.1779316,-3.244398,0.003847376,-8365.454
13,35,1003,1841,0.1162047,0.1308562,3,12,317,1832,512,10,0,0.1033926,0,0,26,486,0.01560691,-nan,0.01629393,-nan,0.01481143,-nan,0.01571429,-nan,0.001033522,-nan,0.001226904,-nan,0.0008631941,-nan,0.001050052,-nan,0.1779316,-3.244999,0.003815163,-8206.442
14,35,945,1841,0.1178038,0.1359223,3,12,322,1832,512,10,0,0.09854604,0,0,26,456,0.01567926,-nan,0.01358969,-nan,0.01665143,-nan,0.0168,-nan,0.001053776,-nan,0.0008324281,-nan,0.001216641,-nan,0.001155113,-nan,0.1779316,-3.241337,0.004011619,-8596.886
15,35,974,1841,0.1044776,0.1114701,3,11,319,1832,512,10,0,0.08885299,0,0,26,475,0.014023,-nan,0.01468508,-nan,0.01434286,-nan,0.01304,-nan,0.0008543163,-nan,0.0008534448,-nan,0.0009112278,-nan,0.0008274113,-nan,0.1779316,-3.244965,0.003816971,-8333.064
16,35,985,1841,0.1146055,0.1175506,3,13,332,1832,512,12,0,0.08077544,0,0,26,463,0.01420195,-nan,0.01481059,-nan,0.01459429,-nan,0.0132,-nan,0.0009691755,-nan,0.001011326,-nan,0.00107949,-nan,0.0008449151,-nan,0.1779316,-3.244339,0.003850553,-8354.365
17,35,973,1841,0.1034115,0.1324717,3,12,338,1832,512,10,0,0.09398907,0,0,26,466,0.01437329,-nan,0.01462802,-nan,0.014,-nan,0.01449143,-nan,0.0008259125,-nan,0.0009290955,-nan,0.0007702515,-nan,0.0008086937,-nan,0.1779316,-3.246723,0.003722633,-8330.131
18,35,1029,1841,0.1231343,0.1261606,3,13,323,1832,512,9,0,0.09531502,0,0,26,452,0.01567545,-nan,0.01389776,-nan,0.01691429,-nan,0.01621714,-nan,0.001090239,-nan,0.0008635715,-nan,0.001237019,-nan,0.001201698,-nan,0.1779316,-3.246386,0.003740711,-8166.881
19,35,1018,1841,0.108209,0.1147011,3,12,301,1832,512,8,0,0.08400646,0,0,26,462,0.01373363,-nan,0.01418302,-nan,0.01364571,-nan,0.01337143,-nan,0.0008445685,-nan,0.0008576883,-nan,0.000824189,-nan,0.0008696659,-nan,0.1779316,-3.248185,0.003644182,-8115.777
20,35,974,1841,0.1076759,0.1260097,3,10,310,1832,512,8,0,0.09622745,0,0,26,461,0.0148378,-nan,0.0161456,-nan,0.01387429,-nan,0.01449143,-nan,0.0009053134,-nan,0.001005225,-nan,0.0008263254,-nan,0.0009124566,-nan,0.1779316,-3.244378,0.003848472,-8350.522
21,35,994,1841,0.108209,0.1260097,3,10,307,1832,512,8,0,0.09369952,0,0,26,466,0.01470454,-nan,0.01534687,-nan,0.01523429,-nan,0.01353143,-nan,0.0009097958,-nan,0.0009632212,-nan,0.0009424656,-nan,0.0008466554,-nan,0.1779316,-3.242775,0.003934483,-8251.019
22,35,994,1841,0.1135394,0.1162664,3,13,338,1832,512,9,0,0.0904685,0,0,26,464,0.01450274,-nan,0.01187814,-nan,0.01352,-nan,0.01811429,-nan,0.0009300721,-nan,0.0006983273,-nan,0.000877079,-nan,0.001296585,-nan,0.1779316,-3.247127,0.003700938,-8282.349
23,35,962,1841,0.1146055,0.1324717,3,11,331,1832,512,10,0,0.09369952,0,0,26,464,0.01479211,-nan,0.01491328,-nan,0.01542857,-nan,0.01403429,-nan,0.0009321924,-nan,0.000945447,-nan,0.001040726,-nan,0.0008335781,-nan,0.1779316,-3.240631,0.004049529,-8452.623
24,35,1014,1841,0.130597,0.1389338,3,13,312,1832,512,9,0,0.1163166,0,0,26,493,0.01764012,-nan,0.01724099,-nan,0.02075429,-nan,0.01492571,-nan,0.001317957,-nan,0.001295649,-nan,0.001689303,-nan,0.001034146,-nan,0.1779316,-3.248598,0.003622049,-8272.907
25,35,1004,1841,0.1162047,0.1189956,3,12,319,1832,512,12,0,0.09369952,0,0,26,446,0.01487588,-nan,0.01484482,-nan,0.01621714,-nan,0.01356571,-nan,0.001002307,-nan,0.001004704,-nan,0.001124787,-nan,0.0008995533,-nan,0.1779316,-3.246142,0.003753805,-8265.596
26,35,958,1841,0.1183369,0.1213115,3,9,332,1832,512,8,0,0.09017713,0,0,26,471,0.01513859,-nan,0.0133843,-nan,0.01331429,-nan,0.01872,-nan,0.001024964,-nan,0.0007992716,-nan,0.0009234148,-nan,0.001433663,-nan,0.1779316,-3.238445,0.004166822,-8528.042
27,35,987,1841,0.1114072,0.1407767,3,10,325,1832,512,7,0,0.09950793,0,0,26,466,0.015348,-nan,0.01453674,-nan,0.01548571,-nan,0.01602286,-nan,0.0009446103,-nan,0.0008706432,-nan,0.0009670268,-nan,0.001017517,-nan,0.1779316,-3.244634,0.003834721,-8256.893
28,35,996,1841,0.108742,0.1308562,3,10,313,1832,512,12,0,0.08562197,0,0,26,439,0.01418291,-nan,0.01595162,-nan,0.01435429,-nan,0.01224,-nan,0.0008667687,-nan,0.001091411,-nan,0.0008496601,-nan,0.0007013636,-nan,0.1779316,-3.2435,0.003895586,-8270.895
29,35,1003,1841,0.1167377,0.1227787,3,13,299,1832,512,9,0,0.08400646,0,0,26,463,0.01497106,-nan,0.01579188,-nan,0.01513143,-nan,0.01398857,-nan,0.000969676,-nan,0.0009572873,-nan,0.001111717,-nan,0.0008778174,-nan,0.1779316,-3.24221,0.003964778,-8178.238
30,35,987,1841,0.1092751,0.1276252,3,11,326,1832,512,11,0,0.1028446,0,0,26,471,0.01521855,-nan,0.0151529,-nan,0.01549714,-nan,0.01500571,-nan,0.0009514004,-nan,0.0009211725,-nan,0.001014279,-nan,0.0009379349,-nan,0.1779316,-3.244047,0.003866222,-8337.974
31,35,1001,1841,0.1167377,0.1292407,3,13,324,1832,512,9,0,0.09208401,0,0,26,460,0.01548888,-nan,0.01531264,-nan,0.01477714,-nan,0.01637714,-nan,0.001038182,-nan,0.00106927,-nan,0.0009360616,-nan,0.001133642,-nan,0.1779316,-3.24359,0.003890765,-8279.973
32,35,952,1841,0.1130064,0.1292407,3,9,337,1832,512,9,0,0.1003236,0,0,26,464,0.01535943,-nan,0.01623688,-nan,0.01395429,-nan,0.01588571,-nan,0.001000993,-nan,0.001063051,-nan,0.0009264647,-nan,0.001040562,-nan,0.1779316,-3.24069,0.004046352,-8532.466
33,35,997,1841,0.1188699,0.1308562,3,10,314,1832,512,9,0,0.09854604,0,0,26,478,0.01566022,-nan,0.01523277,-nan,0.01523429,-nan,0.01651429,-nan,0.00103363,-nan,0.000986783,-nan,0.0009836466,-nan,0.001150352,-nan,0.1779316,-3.244961,0.00381719,-8262.792
34,35,982,1841,0.1178038,0.1373183,3,11,316,1832,512,8,0,0.1000547,0,0,26,464,0.01625419,-nan,0.01498174,-nan,0.01682286,-nan,0.01696,-nan,0.001056415,-nan,0.0009329213,-nan,0.001140783,-nan,0.001115895,-nan,0.1779316,-3.244101,0.003863318,-8349.389
35,35,980,1841,0.1108742,0.1227787,3,12,327,1832,512,12,0,0.08885299,0,0,26,480,0.01466266,-nan,0.01609995,-nan,0.01468571,-nan,0.0132,-nan,0.0009221447,-nan,0.00114245,-nan,0.0008725463,-nan,0.0007864219,-nan,0.1779316,-3.246025,0.003760105,-8339.009
36,35,991,1841,0.1162047,0.1359223,3,11,322,1832,512,9,0,0.1032223,0,0,26,473,0.01552696,-nan,0.0141602,-nan,0.01749714,-nan,0.01492571,-nan,0.00100729,-nan,0.0008381087,-nan,0.00119573,-nan,0.001032046,-nan,0.1779316,-3.240514,0.004055775,-8249.896
37,35,1000,1841,0.1140725,0.1227787,3,11,312,1832,512,8,0,0.09531502,0,0,26,462,0.01489111,-nan,0.01562072,-nan,0.01478857,-nan,0.01426286,-nan,0.0009492167,-nan,0.001049336,-nan,0.000877357,-nan,0.0009439396,-nan,0.1779316,-3.24616,0.003752873,-8216.39
38,35,993,1841,0.119936,0.1292407,3,15,316,1832,512,9,0,0.1033926,0,0,26,479,0.01614758,-nan,0.0178115,-nan,0.01513143,-nan,0.01549714,-nan,0.00113994,-nan,0.001390321,-nan,0.001017715,-nan,0.001043746,-nan,0.1779316,-3.247205,0.003696775,-8315.2
39,35,1001,1841,0.1135394,0.1276252,3,12,297,1832,512,11,0,0.09208401,0,0,26,465,0.01481115,-nan,0.01417161,-nan,0.01613714,-nan,0.01412571,-nan,0.000975773,-nan,0.0009122634,-nan,0.001096545,-nan,0.000938726,-nan,0.1779316,-3.24546,0.003790401,-8247.766
40,35,972,1841,0.1178038,0.1243942,3,12,313,1832,512,10,0,0.0904685,0,0,26,462,0.01526424,-nan,0.01531264,-nan,0.01532571,-nan,0.01515429,-nan,0.001044304,-nan,0.001021575,-nan,0.001097487,-nan,0.001029947,-nan,0.1779316,-3.243571,0.003891751,-8423.673
41,35,995,1841,0.1172708,0.1203501,3,9,305,1832,512,9,0,0.09531502,0,0,26,483,0.01496345,-nan,0.01579188,-nan,0.01513143,-nan,0.01396571,-nan,0.0010096,-nan,0.001078123,-nan,0.001041878,-nan,0.0009317974,-nan,0.1779316,-3.245311,0.003798399,-8310.173
42,35,978,1841,0.1076759,0.1324717,3,12,310,1832,512,8,0,0.09677419,0,0,26,476,0.01502437,-nan,0.01435418,-nan,0.01587429,-nan,0.01484571,-nan,0.0009155097,-nan,0.0008940938,-nan,0.00107174,-nan,0.0008140457,-nan,0.1779316,-3.242041,0.003973872,-8312.703
43,35,1000,1841,0.1236674,0.1292407,3,10,316,1832,512,9,0,0.09822866,0,0,26,463,0.01644837,-nan,0.01907805,-nan,0.01452571,-nan,0.01573714,-nan,0.001187112,-nan,0.001517503,-nan,0.0009767438,-nan,0.001113788,-nan,0.1779316,-3.246399,0.003739999,-8240.457
44,35,975,1841,0.1039446,0.1067961,3,9,332,1832,512,7,0,0.06946688,0,0,26,469,0.01326911,-nan,0.01402328,-nan,0.01336,-nan,0.01242286,-nan,0.0008045847,-nan,0.0009220017,-nan,0.0008453866,-nan,0.0006782199,-nan,0.1779316,-3.241079,0.004025479,-8450.723
45,35,996,1841,0.1146055,0.1243942,3,12,311,1832,512,9,0,0.09950793,0,0,26,472,0.01532135,-nan,0.01653355,-nan,0.01357714,-nan,0.01585143,-nan,0.0009973292,-nan,0.001226343,-nan,0.0008138032,-nan,0.000996665,-nan,0.1779316,-3.245561,0.003784977,-8287.4
46,35,991,1841,0.1076759,0.1292407,3,11,314,1832,512,7,0,0.09841443,0,0,26,468,0.01481876,-nan,0.01534687,-nan,0.01569143,-nan,0.01341714,-nan,0.0009061049,-nan,0.000919014,-nan,0.00106735,-nan,0.0007646328,-nan,0.1779316,-3.246274,0.003746738,-8310.881
47,35,1009,1841,0.1055437,0.1114701,3,12,302,1832,512,8,0,0.08562197,0,0,26,465,0.01376028,-nan,0.01392058,-nan,0.01346286,-nan,0.01389714,-nan,0.0008123971,-nan,0.0008519537,-nan,0.0007824754,-nan,0.0008187611,-nan,0.1779316,-3.243504,0.003895367,-8237.912
48,35,971,1841,0.1215352,0.1246583,3,10,313,1832,512,10,0,0.08400646,0,0,26,480,0.01440375,-nan,0.01487905,-nan,0.01558857,-nan,0.01274286,-nan,0.0009462455,-nan,0.0009920583,-nan,0.001110906,-nan,0.0007665049,-nan,0.1779316,-3.243545,0.003893175,-8390.063
49,35,984,1841,0.1140725,0.1324717,3,11,343,1832,512,10,0,0.09708738,0,0,26,448,0.01513859,-nan,0.01948882,-nan,0.0148,-nan,0.01112,-nan,0.0009803929,-nan,0.001540173,-nan,0.0009598388,-nan,0.0005771354,-nan,0.1779316,-3.244084,0.003864249,-8396.665
50,35,988,1841,0.1108742,0.1308562,3,10,323,1832,512,9,0,0.09693053,0,0,26,472,0.01490253,-nan,0.0144911,-nan,0.01641143,-nan,0.01380571,-nan,0.000939947,-nan,0.0009107507,-nan,0.001151866,-nan,0.0007921761,-nan,0.1779316,-3.244427,0.003845842,-8345.165
51,35,944,1841,0.1220682,0.125205,3,10,339,1832,512,8,0,0.08562197,0,0,26,484,0.01467408,-nan,0.01322455,-nan,0.01385143,-nan,0.01694857,-nan,0.001003393,-nan,0.0008168076,-nan,0.0009186817,-nan,0.001322982,-nan,0.1779316,-3.239328,0.004119434,-8639.105
52,35,993,1841,0.1103412,0.1389338,3,9,322,1832,512,9,0,0.1006014,0,0,26,480,0.01546604,-nan,0.01624829,-nan,0.01529143,-nan,0.01485714,-nan,0.0009684965,-nan,0.001144428,-nan,0.0009443001,-nan,0.0008524721,-nan,0.1779316,-3.240894,0.004035395,-8312.12
53,35,978,1841,0.1151386,0.1207729,3,11,322,1832,512,9,0,0.089141,0,0,26,463,0.01490634,-nan,0.01421725,-nan,0.01602286,-nan,0.01448,-nan,0.0009565807,-nan,0.0008378917,-nan,0.001090007,-nan,0.0009707492,-nan,0.1779316,-3.247675,0.003671574,-8387.624
54,35,1007,1841,0.1108742,0.1207729,3,13,307,1832,512,8,0,0.09531502,0,0,26,444,0.01472738,-nan,0.01606572,-nan,0.01685714,-nan,0.01125714,-nan,0.0009311671,-nan,0.001036988,-nan,0.00124447,-nan,0.0005978028,-nan,0.1779316,-3.246879,0.003714251,-8210.034
55,35,989,1841,0.1119403,0.1227787,3,11,313,1832,512,8,0,0.08856683,0,0,26,460,0.01430856,-nan,0.01337289,-nan,0.01614857,-nan,0.01340571,-nan,0.0008692894,-nan,0.0007636516,-nan,0.001033684,-nan,0.0008428282,-nan,0.1779316,-3.244468,0.003843651,-8246.342
56,35,989,1841,0.1167377,0.1276252,3,7,330,1832,512,9,0,0.1033352,0,0,26,473,0.01582394,-nan,0.01899817,-nan,0.01530286,-nan,0.01316571,-nan,0.001066348,-nan,0.001546029,-nan,0.0009106679,-nan,0.0008338359,-nan,0.1779316,-3.244129,0.003861839,-8309.263
57,35,999,1841,0.119403,0.1260097,3,10,316,1832,512,12,0,0.09369952,0,0,26,465,0.01545461,-nan,0.01406892,-nan,0.01697143,-nan,0.01532571,-nan,0.001024293,-nan,0.0008856456,-nan,0.00124006,-nan,0.0009800221,-nan,0.1779316,-3.241294,0.00401392,-8236.596
58,35,983,1841,0.1178038,0.1308562,3,9,329,1832,512,7,0,0.09369952,0,0,26,469,0.01538989,-nan,0.01490187,-nan,0.01627429,-nan,0.01499429,-nan,0.001016596,-nan,0.0009582184,-nan,0.001113911,-nan,0.0009942872,-nan,0.1779316,-3.240721,0.004044708,-8386.203
59,35,999,1841,0.1114072,0.1207729,3,10,310,1832,512,9,0,0.09369952,0,0,26,457,0.01484922,-nan,0.01598585,-nan,0.01262857,-nan,0.01593143,-nan,0.0009385966,-nan,0.001088088,-nan,0.000671998,-nan,0.001103816,-nan,0.1779316,-3.244295,0.003852909,-8275.832
60,35,967,1841,0.1220682,0.1324717,3,10,335,1832,512,10,0,0.1060689,0,0,26,479,0.0161095,-nan,0.01477636,-nan,0.01709714,-nan,0.01645714,-nan,0.00109966,-nan,0.0009204984,-nan,0.001233297,-nan,0.001174406,-nan,0.1779316,-3.242642,0.003941605,-8436.565
61,35,962,1841,0.1156716,0.1389338,3,10,339,1832,512,10,0,0.1044286,0,0,26,445,0.01593817,-nan,0.01476495,-nan,0.016,-nan,0.01705143,-nan,0.001047673,-nan,0.0009711952,-nan,0.001001899,-nan,0.001200282,-nan,0.1779316,-3.242772,0.003934647,-8508.18
62,35,991,1841,0.1028785,0.1324717,3,11,313,1832,512,10,0,0.09289617,0,0,26,452,0.0145827,-nan,0.0149361,-nan,0.01761143,-nan,0.0112,-nan,0.0008530905,-nan,0.0008998561,-nan,0.00121007,-nan,0.0005409151,-nan,0.1779316,-3.246362,0.003742026,-8287.959
63,35,969,1841,0.1146055,0.1176149,3,12,324,1832,512,8,0,0.08400646,0,0,26,467,0.01473119,-nan,0.01612277,-nan,0.01336,-nan,0.01470857,-nan,0.000997165,-nan,0.001163116,-nan,0.0008233227,-nan,0.00104234,-nan,0.1779316,-3.241808,0.003986363,-8457.578
64,35,1006,1841,0.1135394,0.1195477,3,17,309,1832,512,11,0,0.0904685,0,0,26,455,0.01498249,-nan,0.01644226,-nan,0.01189714,-nan,0.01660571,-nan,0.0009834383,-nan,0.001113166,-nan,0.0007565522,-nan,0.001139567,-nan,0.1779316,-3.245118,0.003808753,-8149.345
65,35,977,1841,0.108209,0.1227787,3,10,335,1832,512,11,0,0.09531502,0,0,26,440,0.0145332,-nan,0.014377,-nan,0.01555429,-nan,0.01366857,-nan,0.0008959551,-nan,0.0008908632,-nan,0.001014941,-nan,0.0008037432,-nan,0.1779316,-3.242788,0.00393377,-8429.352
66,35,980,1841,0.1060768,0.1179321,3,11,322,1832,512,9,0,0.09369952,0,0,26,463,0.01400015,-nan,0.01384071,-nan,0.0136,-nan,0.01456,-nan,0.0008407214,-nan,0.0008331666,-nan,0.0008027165,-nan,0.0009025676,-nan,0.1779316,-3.243948,0.003871536,-8355.783
67,35,954,1841,0.1284648,0.1421648,3,10,335,1832,512,9,0,0.1066236,0,0,26,465,0.01709564,-nan,0.01753765,-nan,0.01750857,-nan,0.01624,-nan,0.001260192,-nan,0.001361885,-nan,0.001311522,-nan,0.001128018,-nan,0.1779316,-3.239928,0.004087221,-8556.723
68,35,1012,1841,0.1124733,0.1239936,3,11,313,1832,512,10,0,0.1001616,0,0,26,460,0.01527186,-nan,0.01498174,-nan,0.0152,-nan,0.01563429,-nan,0.000973991,-nan,0.001035545,-nan,0.000939741,-nan,0.0009703079,-nan,0.1779316,-3.245004,0.003814889,-8114.828
69,35,977,1841,0.1252665,0.1497585,3,10,330,1832,512,9,0,0.1108684,0,0,26,480,0.01726317,-nan,0.01535828,-nan,0.01996571,-nan,0.01646857,-nan,0.001191037,-nan,0.0009957116,-nan,0.001622063,-nan,0.001022692,-nan,0.1779316,-3.243874,0.003875535,-8379.939
70,35,979,1841,0.1066098,0.1211632,3,9,331,1832,512,10,0,0.08723748,0,0,26,456,0.01425906,-nan,0.01465084,-nan,0.01443429,-nan,0.01369143,-nan,0.0008735653,-nan,0.0009279452,-nan,0.0009282106,-nan,0.0007849907,-nan,0.1779316,-3.243789,0.003880082,-8365.831
71,35,1017,1841,0.1060768,0.1098546,3,11,307,1832,512,8,0,0.07928803,0,0,26,473,0.0136156,-nan,0.01531264,-nan,0.01345143,-nan,0.01208,-nan,0.0008408921,-nan,0.001064203,-nan,0.0008131553,-nan,0.0006815613,-nan,0.1779316,-3.249192,0.003590165,-8187.122
72,35,1001,1841,0.1247335,0.127799,3,10,306,1832,512,12,0,0.1033926,0,0,26,464,0.0162618,-nan,0.0149361,-nan,0.01866286,-nan,0.01518857,-nan,0.001176625,-nan,0.001108372,-nan,0.001453587,-nan,0.001010169,-nan,0.1779316,-3.249458,0.003575866,-8282.834
73,35,941,1841,0.1071429,0.1195477,3,10,330,1832,512,12,0,0.07754443,0,0,26,441,0.01395065,-nan,0.01388635,-nan,0.01450286,-nan,0.01346286,-nan,0.0008706781,-nan,0.0007948446,-nan,0.001030233,-nan,0.0008204887,-nan,0.1779316,-3.239723,0.004098232,-8569.98
74,35,996,1841,0.1268657,0.1361426,3,14,316,1832,512,10,0,0.1050081,0,0,26,452,0.01631511,-nan,0.01457097,-nan,0.01534857,-nan,0.01902857,-nan,0.001142414,-nan,0.0009770918,-nan,0.00105328,-nan,0.001446886,-nan,0.1779316,-3.248362,0.003634704,-8263.283
75,35,1009,1841,0.1162047,0.1357027,3,8,305,1832,512,8,0,0.09854604,0,0,26,482,0.01586963,-nan,0.01385212,-nan,0.01563429,-nan,0.01812571,-nan,0.001066889,-nan,0.0008804519,-nan,0.001129765,-nan,0.001241561,-nan,0.1779316,-3.249179,0.003590877,-8237.113
76,35,966,1841,0.1146055,0.1336554,3,9,334,1832,512,13,0,0.09693053,0,0,26,445,0.01541654,-nan,0.01550662,-nan,0.01621714,-nan,0.01452571,-nan,0.0009824668,-nan,0.001018032,-nan,0.001073292,-nan,0.0008849521,-nan,0.1779316,-3.23768,0.004207855,-8452.229
77,35,967,1841,0.1231343,0.1262985,3,10,335,1832,512,10,0,0.09854604,0,0,26,476,0.0161057,-nan,0.01491328,-nan,0.01794286,-nan,0.01546286,-nan,0.001125485,-nan,0.001049833,-nan,0.001290048,-nan,0.001068371,-nan,0.1779316,-3.246091,0.003756544,-8455.92
78,35,959,1841,0.1130064,0.1243942,3,10,323,1832,512,12,0,0.0904685,0,0,26,485,0.0147845,-nan,0.01462802,-nan,0.01498286,-nan,0.01474286,-nan,0.0009675874,-nan,0.001002786,-nan,0.0009844106,-nan,0.0009343,-nan,0.1779316,-3.246766,0.003720332,-8441.531
79,35,968,1841,0.1151386,0.1195477,3,9,327,1832,512,11,0,0.08885299,0,0,26,456,0.01430475,-nan,0.01532405,-nan,0.01204571,-nan,0.01554286,-nan,0.00090784,-nan,0.001032403,-nan,0.0006835179,-nan,0.001055541,-nan,0.1779316,-3.243348,0.003903749,-8397.954
80,35,949,1841,0.1108742,0.1195477,3,9,319,1832,512,7,0,0.08077544,0,0,26,478,0.01452178,-nan,0.01617983,-nan,0.01448,-nan,0.01290286,-nan,0.0009327719,-nan,0.001044187,-nan,0.001005153,-nan,0.0007852095,-nan,0.1779316,-3.240468,0.00405824,-8484.866
81,35,991,1841,0.1188699,0.1296596,3,13,314,1832,512,9,0,0.1001616,0,0,26,451,0.01587725,-nan,0.01377225,-nan,0.01635429,-nan,0.01750857,-nan,0.001064654,-nan,0.0007646475,-nan,0.001118704,-nan,0.001376535,-nan,0.1779316,-3.24628,0.003746409,-8349.139
82,35,1007,1841,0.1124733,0.1197411,3,13,301,1832,512,10,0,0.09178744,0,0,26,468,0.01467027,-nan,0.01560931,-nan,0.01462857,-nan,0.01377143,-nan,0.000919757,-nan,0.001008847,-nan,0.0009836136,-nan,0.000800661,-nan,0.1779316,-3.247203,0.003696884,-8163.281
83,35,989,1841,0.1140725,0.1276252,3,14,332,1832,512,9,0,0.1017771,0,0,26,457,0.01560691,-nan,0.01660201,-nan,0.01576,-nan,0.01445714,-nan,0.001017247,-nan,0.001141335,-nan,0.001003775,-nan,0.0009287242,-nan,0.1779316,-3.244026,0.003867372,-8330.266
84,35,1021,1841,0.1114072,0.1260097,3,11,305,1832,512,8,0,0.09208401,0,0,26,470,0.01471977,-nan,0.01546098,-nan,0.01484571,-nan,0.01385143,-nan,0.0009360006,-nan,0.001011819,-nan,0.001003633,-nan,0.000812856,-nan,0.1779316,-3.24608,0.003757147,-8106.067
85,35,1005,1841,0.108742,0.1115364,3,14,305,1832,512,9,0,0.07431341,0,0,26,476,0.01379836,-nan,0.01090826,-nan,0.01490286,-nan,0.01558857,-nan,0.0008807811,-nan,0.0006249203,-nan,0.001045588,-nan,0.001037237,-nan,0.1779316,-3.245097,0.003809904,-8229.615
86,35,969,1841,0.1114072,0.1410049,3,10,330,1832,512,13,0,0.1054645,0,0,26,485,0.01626942,-nan,0.01533546,-nan,0.01813714,-nan,0.01533714,-nan,0.001053222,-nan,0.0009349162,-nan,0.001301681,-nan,0.0009589865,-nan,0.1779316,-3.241991,0.003976557,-8444.497
87,35,1000,1841,0.1034115,0.1211632,3,10,307,1832,512,12,0,0.09190372,0,0,26,455,0.01408392,-nan,0.0141602,-nan,0.01416,-nan,0.01393143,-nan,0.0008113933,-nan,0.0008035213,-nan,0.0008670453,-nan,0.0007802474,-nan,0.1779316,-3.247046,0.003705321,-8176.728
88,35,938,1841,0.1151386,0.1324717,3,13,329,1832,512,10,0,0.1050081,0,0,26,444,0.01593817,-nan,0.01550662,-nan,0.01556571,-nan,0.01674286,-nan,0.001053438,-nan,0.001099434,-nan,0.0009599758,-nan,0.001137023,-nan,0.1779316,-3.244996,0.003815327,-8655.257
89,35,975,1841,0.1119403,0.1148168,3,11,319,1832,512,10,0,0.08885299,0,0,26,465,0.01421337,-nan,0.0154838,-nan,0.01317714,-nan,0.01397714,-nan,0.0008783915,-nan,0.001083623,-nan,0.0006743154,-nan,0.0009324887,-nan,0.1779316,-3.240791,0.004040928,-8370.073
90,35,1006,1841,0.1162047,0.1359223,3,10,325,1832,512,8,0,0.1019417,0,0,26,470,0.01572495,-nan,0.01688727,-nan,0.01698286,-nan,0.01330286,-nan,0.001053381,-nan,0.001162941,-nan,0.001271918,-nan,0.0007793482,-nan,0.1779316,-3.245747,0.003775006,-8304.036
91,35,982,1841,0.1108742,0.1137233,3,11,321,1832,512,9,0,0.08077544,0,0,26,475,0.01451797,-nan,0.01255135,-nan,0.01584,-nan,0.01516571,-nan,0.0009477833,-nan,0.0007512129,-nan,0.001072227,-nan,0.001054185,-nan,0.1779316,-3.243488,0.003896243,-8428.578
92,35,1029,1841,0.1076759,0.1114701,3,13,299,1832,512,8,0,0.08239095,0,0,26,432,0.01388593,-nan,0.01450251,-nan,0.01376,-nan,0.01339429,-nan,0.000873562,-nan,0.0009073883,-nan,0.0008423984,-nan,0.0008853306,-nan,0.1779316,-3.250733,0.003507496,-8019.815
93,35,966,1841,0.1172708,0.1276252,3,12,319,1832,512,10,0,0.09369952,0,0,26,470,0.01497868,-nan,0.01479918,-nan,0.01374857,-nan,0.01638857,-nan,0.0009423364,-nan,0.000935203,-nan,0.0007928595,-nan,0.001127611,-nan,0.1779316,-3.241202,0.004018905,-8397.015
94,35,986,1841,0.1023454,0.1211632,3,9,321,1832,512,8,0,0.09369952,0,0,26,463,0.01426287,-nan,0.01241442,-nan,0.01642286,-nan,0.01395429,-nan,0.0008395491,-nan,0.000676302,-nan,0.001064614,-nan,0.0008136037,-nan,0.1779316,-3.246709,0.0037234,-8259.952
95,35,983,1841,0.1108742,0.1227787,3,9,329,1832,512,9,0,0.08723748,0,0,26,470,0.01449513,-nan,0.01346417,-nan,0.01656,-nan,0.01346286,-nan,0.0008953144,-nan,0.0008341775,-nan,0.001086542,-nan,0.0008025134,-nan,0.1779316,-3.24681,0.003717976,-8344.892
96,35,988,1841,0.1140725,0.1260097,3,11,329,1832,512,9,0,0.1016949,0,0,26,450,0.01538608,-nan,0.01608854,-nan,0.01529143,-nan,0.01477714,-nan,0.0009968543,-nan,0.0009855064,-nan,0.001111971,-nan,0.0009249376,-nan,0.1779316,-3.244275,0.003854005,-8324.276
97,35,977,1841,0.1146055,0.1243942,3,12,316,1832,512,9,0,0.0923825,0,0,26,471,0.01497868,-nan,0.01447969,-nan,0.01651429,-nan,0.01394286,-nan,0.0009585958,-nan,0.0009034649,-nan,0.001087365,-nan,0.000910597,-nan,0.1779316,-3.242507,0.003948836,-8350.639
98,35,926,1841,0.1050107,0.1082391,3,20,321,1832,512,9,0,0.08239095,0,0,26,459,0.01390116,-nan,0.01299635,-nan,0.01395429,-nan,0.01475429,-nan,0.000855008,-nan,0.0007378714,-nan,0.0008927242,-nan,0.0009639254,-nan,0.1779316,-3.241008,0.004029314,-8655.156
99,35,1008,1841,0.1167377,0.1211632,3,9,314,1832,512,9,0,0.09693053,0,0,26,463,0.01533658,-nan,0.01575764,-nan,0.01550857,-nan,0.01474286,-nan,0.001017297,-nan,0.001214237,-nan,0.001045765,-nan,0.0008403351,-nan,0.1779316,-3.246355,0.00374241,-8217.45
100,35,968,1841,0.1092751,0.1324717,3,11,318,1832,512,8,0,0.09404046,0,0,26,485,0.01486826,-nan,0.01668188,-nan,0.01552,-nan,0.0124,-nan,0.0008943079,-nan,0.001099536,-nan,0.00102432,-nan,0.000620777,-nan,0.1779316,-3.24335,0.003903639,-8392.552
101,35,967,1841,0.1140725,0.1276252,3,9,311,1832,512,11,0,0.1033926,0,0,26,446,0.01563737,-nan,0.01680739,-nan,0.01541714,-nan,0.01468571,-nan,0.001020008,-nan,0.001228015,-nan,0.0009327686,-nan,0.0009316657,-nan,0.1779316,-3.245004,0.003814889,-8411.527
102,35,961,1841,0.1204691,0.1235648,3,12,320,1832,512,9,0,0.09369952,0,0,26,469,0.01500152,-nan,0.01645367,-nan,0.01308571,-nan,0.01546286,-nan,0.0009938386,-nan,0.001147247,-nan,0.0008082332,-nan,0.001062772,-nan,0.1779316,-3.242746,0.003936017,-8508.196
103,35,942,1841,0.1140725,0.1211632,3,8,325,1832,512,10,0,0.0904685,0,0,26,481,0.01477307,-nan,0.01550662,-nan,0.01434286,-nan,0.01446857,-nan,0.00095019,-nan,0.0009474623,-nan,0.0009331812,-nan,0.0009972166,-nan,0.1779316,-3.244725,0.003829845,-8582.482
104,35,987,1841,0.1226013,0.1521036,3,12,329,1832,512,10,0,0.09693053,0,0,26,462,0.01649787,-nan,0.01554085,-nan,0.01804571,-nan,0.01590857,-nan,0.00113794,-nan,0.001055313,-nan,0.001265711,-nan,0.00111873,-nan,0.1779316,-3.241284,0.004014467,-8408.117
105,35,1029,1841,0.1146055,0.1294498,3,10,300,1832,512,15,0,0.09531502,0,0,26,450,0.01510813,-nan,0.01535828,-nan,0.0144,-nan,0.01556571,-nan,0.0009868565,-nan,0.0009963725,-nan,0.0008569922,-nan,0.001135345,-nan,0.1779316,-3.24753,0.003679353,-8095.615
106,35,1006,1841,0.1146055,0.1276252,3,11,300,1832,512,8,0,0.09854604,0,0,26,469,0.01566783,-nan,0.01445687,-nan,0.01812571,-nan,0.01442286,-nan,0.001019919,-nan,0.0008786484,-nan,0.00139866,-nan,0.0008491091,-nan,0.1779316,-3.249249,0.003587097,-8275.709
107,35,1025,1841,0.1135394,0.1164571,3,12,315,1832,512,10,0,0.08723748,0,0,26,463,0.01478069,-nan,0.01401187,-nan,0.01526857,-nan,0.01506286,-nan,0.0009849598,-nan,0.000828971,-nan,0.001132013,-nan,0.001025731,-nan,0.1779316,-3.248412,0.00363202,-8094.915
108,35,964,1841,0.1076759,0.1389338,3,11,326,1832,512,9,0,0.09622745,0,0,26,480,0.01503198,-nan,0.01794843,-nan,0.01325714,-nan,0.01388571,-nan,0.0009035456,-nan,0.001278837,-nan,0.0007197573,-nan,0.0007795759,-nan,0.1779316,-3.243465,0.003897449,-8414.458
109,35,1001,1841,0.108209,0.1453958,3,9,318,1832,512,8,0,0.09841443,0,0,26,461,0.01570591,-nan,0.01401187,-nan,0.01419429,-nan,0.01891429,-nan,0.0009447244,-nan,0.00072844,-nan,0.0008848702,-nan,0.001290913,-nan,0.1779316,-3.246723,0.003722633,-8248.099
110,35,1002,1841,0.1242004,0.1343042,3,18,325,1832,512,12,0,0.1050081,0,0,26,448,0.01650929,-nan,0.01607713,-nan,0.01770286,-nan,0.01574857,-nan,0.001143658,-nan,0.00111914,-nan,0.00124531,-nan,0.001095874,-nan,0.1779316,-3.243763,0.003881452,-8333.091
111,35,970,1841,0.1236674,0.1292407,3,11,322,1832,512,9,0,0.09822866,0,0,26,474,0.01570591,-nan,0.01552944,-nan,0.01659429,-nan,0.01499429,-nan,0.001064497,-nan,0.001036742,-nan,0.001129875,-nan,0.001045119,-nan,0.1779316,-3.241911,0.00398083,-8437.416
112,35,961,1841,0.1151386,0.1292407,3,9,326,1832,512,10,0,0.0923825,0,0,26,473,0.01462458,-nan,0.01447969,-nan,0.01571429,-nan,0.01368,-nan,0.000942103,-nan,0.0009248341,-nan,0.001058782,-nan,0.0008639291,-nan,0.1779316,-3.242653,0.003941002,-8457.058
113,35,998,1841,0.1092751,0.1470113,3,15,318,1832,512,10,0,0.1016949,0,0,26,471,0.016159,-nan,0.01500456,-nan,0.01510857,-nan,0.01836571,-nan,0.001007095,-nan,0.0009585214,-nan,0.0008237406,-nan,0.001295635,-nan,0.1779316,-3.243824,0.003878165,-8317.467
114,35,1029,1841,0.1210021,0.1260097,3,13,312,1832,512,11,0,0.09369952,0,0,26,445,0.01577444,-nan,0.0159288,-nan,0.01625143,-nan,0.01514286,-nan,0.001107623,-nan,0.001049588,-nan,0.001167665,-nan,0.001133082,-nan,0.1779316,-3.246045,0.003759009,-8144.463
115,35,997,1841,0.1092751,0.1260097,3,8,306,1832,512,14,0,0.09606987,0,0,26,475,0.01486445,-nan,0.01420584,-nan,0.01526857,-nan,0.01512,-nan,0.0009167873,-nan,0.0008759083,-nan,0.0009734767,-nan,0.0009175602,-nan,0.1779316,-3.246916,0.003712278,-8213.302
116,35,976,1841,0.1135394,0.1304348,3,9,310,1832,512,8,0,0.09208401,0,0,26,456,0.01528708,-nan,0.01555226,-nan,0.01594286,-nan,0.01436571,-nan,0.0009984858,-nan,0.001032686,-nan,0.001110024,-nan,0.0008739533,-nan,0.1779316,-3.240679,0.004046954,-8331.012
117,35,992,1841,0.119403,0.1227787,3,9,316,1832,512,8,0,0.09400324,0,0,26,450,0.01566403,-nan,0.01374943,-nan,0.01814857,-nan,0.01509714,-nan,0.001089797,-nan,0.0009214006,-nan,0.001428656,-nan,0.0009725131,-nan,0.1779316,-3.245659,0.003779718,-8367.864
118,35,934,1841,0.1098081,0.1243942,3,8,323,1832,512,10,0,0.09339775,0,0,26,482,0.01445705,-nan,0.01500456,-nan,0.01532571,-nan,0.01304,-nan,0.0008906438,-nan,0.0008995907,-nan,0.0009859524,-nan,0.0008148508,-nan,0.1779316,-3.240969,0.004031396,-8576.972
119,35,970,1841,0.1204691,0.1235648,3,10,321,1832,512,10,0,0.08562197,0,0,26,461,0.0147845,-nan,0.01323597,-nan,0.01444571,-nan,0.01667429,-nan,0.001015135,-nan,0.0008407551,-nan,0.0009429988,-nan,0.001306781,-nan,0.1779316,-3.243212,0.003911035,-8434.557
120,35,1017,1841,0.1114072,0.1288245,3,13,310,1832,512,10,0,0.09693053,0,0,26,459,0.01485303,-nan,0.01438841,-nan,0.01609143,-nan,0.01408,-nan,0.0009345272,-nan,0.0008284259,-nan,0.001166394,-nan,0.0008486013,-nan,0.1779316,-3.245507,0.00378788,-8163.043
121,35,984,1841,0.1140725,0.1260097,3,11,322,1832,512,11,0,0.09339775,0,0,26,474,0.01536704,-nan,0.01638521,-nan,0.01540571,-nan,0.01430857,-nan,0.0009937624,-nan,0.001111215,-nan,0.001012704,-nan,0.0008793055,-nan,0.1779316,-3.242372,0.003956122,-8303.48
122,35,1003,1841,0.1146055,0.1373183,3,11,316,1832,512,11,0,0.1033926,0,0,26,459,0.01548507,-nan,0.01602008,-nan,0.01204571,-nan,0.01838857,-nan,0.001003736,-nan,0.001019517,-nan,0.0007287139,-nan,0.00133969,-nan,0.1779316,-3.242958,0.003924676,-8237.279
123,35,1003,1841,0.1071429,0.1147011,3,13,325,1832,512,9,0,0.08562197,0,0,26,458,0.01403442,-nan,0.01446828,-nan,0.01492571,-nan,0.01270857,-nan,0.0008501403,-nan,0.0009739086,-nan,0.0009006575,-nan,0.0007090932,-nan,0.1779316,-3.244217,0.003857128,-8225.615
124,35,962,1841,0.1204691,0.1324717,3,12,322,1832,512,7,0,0.09854604,0,0,26,481,0.01571352,-nan,0.01565495,-nan,0.01555429,-nan,0.01593143,-nan,0.001064661,-nan,0.0009446976,-nan,0.001160069,-nan,0.001126027,-nan,0.1779316,-3.242034,0.003974256,-8495.528
125,35,985,1841,0.108209,0.1108079,3,14,311,1832,512,19,0,0.07754443,0,0,26,454,0.0134138,-nan,0.01308763,-nan,0.01341714,-nan,0.01373714,-nan,0.0008349527,-nan,0.0008161404,-nan,0.0008664066,-nan,0.0008444311,-nan,0.1779316,-3.24516,0.003806507,-8275.287
126,35,978,1841,0.1252665,0.1421648,3,14,324,1832,512,10,0,0.1037277,0,0,26,452,0.01652452,-nan,0.01563213,-nan,0.01797714,-nan,0.01596571,-nan,0.001172788,-nan,0.001020943,-nan,0.001375829,-nan,0.001156953,-nan,0.1779316,-3.246299,0.003745368,-8331.738
127,35,961,1841,0.1124733,0.1292407,3,11,337,1832,512,9,0,0.08723748,0,0,26,461,0.01472738,-nan,0.0131675,-nan,0.01496,-nan,0.01605714,-nan,0.0009160892,-nan,0.0007153882,-nan,0.0009492968,-nan,0.0011252,-nan,0.1779316,-3.241039,0.004027616,-8480.352
128,35,976,1841,0.1044776,0.1130856,3,12,316,1832,512,9,0,0.08077544,0,0,26,456,0.01340618,-nan,0.01370379,-nan,0.01313143,-nan,0.01338286,-nan,0.0007911962,-nan,0.0007468986,-nan,0.000811483,-nan,0.0008442921,-nan,0.1779316,-3.241467,0.004004661,-8285.086
129,35,956,1841,0.1135394,0.1179321,3,10,327,1832,512,10,0,0.08400646,0,0,26,455,0.01443801,-nan,0.01551803,-nan,0.01338286,-nan,0.01441143,-nan,0.0009389397,-nan,0.001017437,-nan,0.0009139462,-nan,0.0009076948,-nan,0.1779316,-3.243084,0.003917883,-8551.075
130,35,968,1841,0.119936,0.1292407,3,9,321,1832,512,9,0,0.1043716,0,0,26,464,0.01607143,-nan,0.01422866,-nan,0.01716571,-nan,0.01682286,-nan,0.001090133,-nan,0.0009742069,-nan,0.00118323,-nan,0.001146161,-nan,0.1779316,-3.242139,0.003968613,-8471.002
131,35,978,1841,0.1119403,0.1324717,3,11,321,1832,512,12,0,0.1022417,0,0,26,443,0.01550792,-nan,0.0147079,-nan,0.01749714,-nan,0.01432,-nan,0.0009789092,-nan,0.0008708707,-nan,0.001290395,-nan,0.0008218641,-nan,0.1779316,-3.240961,0.004031834,-8391.93
132,35,947,1841,0.1263326,0.1295082,3,11,334,1832,512,12,0,0.08534622,0,0,26,453,0.01564499,-nan,0.01492469,-nan,0.01536,-nan,0.01665143,-nan,0.001144296,-nan,0.001064893,-nan,0.001086943,-nan,0.001302171,-nan,0.1779316,-3.23902,0.004135978,-8638.473
133,35,987,1841,0.1130064,0.1159103,3,12,322,1832,512,11,0,0.07085346,0,0,26,485,0.01424764,-nan,0.01518713,-nan,0.01328,-nan,0.01427429,-nan,0.000934538,-nan,0.001045386,-nan,0.0009047187,-nan,0.0008839208,-nan,0.1779316,-3.244328,0.003851156,-8329.744
134,35,954,1841,0.1098081,0.1324717,3,11,328,1832,512,9,0,0.1017771,0,0,26,472,0.0151424,-nan,0.0139434,-nan,0.01621714,-nan,0.01526857,-nan,0.0009600946,-nan,0.0008132378,-nan,0.001146888,-nan,0.0009488712,-nan,0.1779316,-3.244551,0.003839158,-8516.41
135,35,991,1841,0.1162047,0.1243942,3,12,331,1832,512,9,0,0.09531502,0,0,26,463,0.01515002,-nan,0.01424007,-nan,0.01538286,-nan,0.01582857,-nan,0.0009948136,-nan,0.0008802331,-nan,0.001010945,-nan,0.001117254,-nan,0.1779316,-3.244152,0.003860579,-8261.694
136,35,961,1841,0.1135394,0.1239936,3,11,329,1832,512,11,0,0.09369952,0,0,26,473,0.01534039,-nan,0.01511867,-nan,0.01570286,-nan,0.0152,-nan,0.001007672,-nan,0.001011493,-nan,0.001059825,-nan,0.0009717134,-nan,0.1779316,-3.241276,0.004014906,-8485.414
137,35,987,1841,0.1119403,0.1326861,3,9,319,1832,512,7,0,0.1004367,0,0,26,475,0.0155993,-nan,0.01556367,-nan,0.01684571,-nan,0.01438857,-nan,0.0009901306,-nan,0.0009985677,-nan,0.001185057,-nan,0.0008219809,-nan,0.1779316,-3.247146,0.003699952,-8339.125
138,35,985,1841,0.1108742,0.1211632,3,19,325,1832,512,9,0,0.09208401,0,0,26,453,0.01471596,-nan,0.01344135,-nan,0.01627429,-nan,0.01443429,-nan,0.0009020472,-nan,0.0007565888,-nan,0.001103229,-nan,0.0008758319,-nan,0.1779316,-3.243935,0.003872248,-8337.79
139,35,976,1841,0.1204691,0.1389338,3,10,327,1832,512,9,0,0.09854604,0,0,26,478,0.01628084,-nan,0.01500456,-nan,0.01730286,-nan,0.01653714,-nan,0.001138684,-nan,0.00100651,-nan,0.001226427,-nan,0.001209595,-nan,0.1779316,-3.241647,0.003995019,-8440.416
140,35,988,1841,0.1172708,0.1227787,3,10,334,1832,512,7,0,0.09369952,0,0,26,464,0.01531754,-nan,0.01598585,-nan,0.01564571,-nan,0.01432,-nan,0.001021263,-nan,0.001058127,-nan,0.001048313,-nan,0.0009789265,-nan,0.1779316,-3.245064,0.003811657,-8321.421
141,35,971,1841,0.1034115,0.1211632,3,9,338,1832,512,8,0,0.08723748,0,0,26,449,0.01395065,-nan,0.0127225,-nan,0.01337143,-nan,0.01576,-nan,0.0008262703,-nan,0.000669108,-nan,0.0007607831,-nan,0.001091257,-nan,0.1779316,-3.243852,0.003876685,-8480.31
142,35,970,1841,0.1050107,0.1075328,3,8,321,1832,512,11,0,0.07119741,0,0,26,445,0.01315108,-nan,0.01309904,-nan,0.01268571,-nan,0.01366857,-nan,0.0007984225,-nan,0.0008226872,-nan,0.0007469543,-nan,0.0008468027,-nan,0.1779316,-3.23976,0.00409626,-8435.106
143,35,1016,1841,0.1066098,0.1276252,3,10,310,1832,512,12,0,0.09339159,0,0,26,448,0.01446847,-nan,0.01530123,-nan,0.01577143,-nan,0.01233143,-nan,0.0008636078,-nan,0.0009912865,-nan,0.001050984,-nan,0.000604473,-nan,0.1779316,-3.249321,0.003583262,-8133.486
144,35,970,1841,0.1092751,0.1373183,3,12,332,1832,512,10,0,0.09841443,0,0,26,470,0.01516144,-nan,0.01667047,-nan,0.01500571,-nan,0.01380571,-nan,0.0009179369,-nan,0.00113636,-nan,0.0008664759,-nan,0.0007844408,-nan,0.1779316,-3.24009,0.004078565,-8440.24
145,35,1014,1841,0.1108742,0.1292407,3,10,318,1832,512,10,0,0.09693053,0,0,26,464,0.01512717,-nan,0.01410315,-nan,0.01556571,-nan,0.01571429,-nan,0.0009337147,-nan,0.0008747057,-nan,0.0009123487,-nan,0.001043532,-nan,0.1779316,-3.243651,0.003887478,-8152.188
146,35,975,1841,0.1289979,0.1502423,3,10,332,1832,512,10,0,0.1174863,0,0,26,468,0.01774673,-nan,0.01433136,-nan,0.02049143,-nan,0.01842286,-nan,0.001276925,-nan,0.0008974702,-nan,0.001646831,-nan,0.001365437,-nan,0.1779316,-3.241282,0.004014577,-8476.047
147,35,985,1841,0.1103412,0.1256039,3,11,315,1832,512,8,0,0.08911974,0,0,26,448,0.01435425,-nan,0.01498174,-nan,0.01486857,-nan,0.01321143,-nan,0.0008527249,-nan,0.0009117356,-nan,0.0009032747,-nan,0.0007663561,-nan,0.1779316,-3.245979,0.00376257,-8372.334
148,35,965,1841,0.1140725,0.1357027,3,13,332,1832,512,10,0,0.1058952,0,0,26,467,0.01567164,-nan,0.01644226,-nan,0.01462857,-nan,0.01594286,-nan,0.001020888,-nan,0.001127265,-nan,0.0008911221,-nan,0.001062839,-nan,0.1779316,-3.245524,0.003786949,-8441.638
149,35,976,1841,0.1076759,0.1211632,3,10,321,1832,512,9,0,0.08562197,0,0,26,477,0.01457889,-nan,0.01717252,-nan,0.01449143,-nan,0.01206857,-nan,0.0009096811,-nan,0.00128429,-nan,0.0009399352,-nan,0.0005906554,-nan,0.1779316,-3.244519,0.003840911,-8342.768
150,35,1028,1841,0.1140725,0.1340872,3,12,303,1832,512,8,0,0.09369952,0,0,26,439,0.01536704,-nan,0.01578047,-nan,0.01428571,-nan,0.01603429,-nan,0.001016702,-nan,0.001044761,-nan,0.0009197451,-nan,0.001111426,-nan,0.1779316,-3.24798,0.003655193,-8114.809
151,35,971,1841,0.108209,0.1243942,3,10,344,1832,512,10,0,0.09339775,0,0,26,474,0.01471215,-nan,0.01332725,-nan,0.01592,-nan,0.01489143,-nan,0.0009189652,-nan,0.0007841921,-nan,0.001089135,-nan,0.0009155922,-nan,0.1779316,-3.244289,0.003853238,-8496.7
152,35,953,1841,0.1162047,0.1292407,3,10,328,1832,512,9,0,0.09562399,0,0,26,477,0.01552696,-nan,0.01532405,-nan,0.01617143,-nan,0.01508571,-nan,0.001035443,-nan,0.001021498,-nan,0.001126057,-nan,0.0009782199,-nan,0.1779316,-3.242204,0.003965107,-8511.001
153,35,968,1841,0.1130064,0.1207729,3,10,337,1832,512,10,0,0.0904685,0,0,26,476,0.01505483,-nan,0.01443405,-nan,0.01566857,-nan,0.01506286,-nan,0.0009942609,-nan,0.0009511308,-nan,0.001080412,-nan,0.0009776616,-nan,0.1779316,-3.238435,0.00416737,-8431.079
154,35,989,1841,0.1108742,0.1437803,3,14,328,1832,512,10,0,0.1049754,0,0,26,460,0.01583917,-nan,0.01506162,-nan,0.01548571,-nan,0.01697143,-nan,0.0009939601,-nan,0.0009271815,-nan,0.0009455523,-nan,0.001133277,-nan,0.1779316,-3.242723,0.003937277,-8324.046
155,35,965,1841,0.1226013,0.1257518,3,8,329,1832,512,10,0,0.09208401,0,0,26,454,0.01545461,-nan,0.0171497,-nan,0.01378286,-nan,0.01542857,-nan,0.001065822,-nan,0.00125218,-nan,0.0008145804,-nan,0.001188653,-nan,0.1779316,-3.241813,0.003986089,-8495.168
156,35,980,1841,0.1252665,0.1470113,3,11,322,1832,512,9,0,0.1115364,0,0,26,471,0.01695857,-nan,0.01943177,-nan,0.01592,-nan,0.01552,-nan,0.00118044,-nan,0.001454968,-nan,0.001101585,-nan,0.001033971,-nan,0.1779316,-3.242793,0.003933497,-8384.992
157,35,1003,1841,0.119936,0.1352657,3,12,316,1832,512,12,0,0.1001616,0,0,26,449,0.01610189,-nan,0.01711547,-nan,0.01434286,-nan,0.01684571,-nan,0.001103047,-nan,0.001183434,-nan,0.0008424577,-nan,0.001335268,-nan,0.1779316,-3.243499,0.003895641,-8198.445
158,35,979,1841,0.1215352,0.131068,3,13,324,1832,512,10,0,0.1050081,0,0,26,486,0.01593817,-nan,0.01502738,-nan,0.01746286,-nan,0.01532571,-nan,0.001088397,-nan,0.0009836798,-nan,0.001300461,-nan,0.001010447,-nan,0.1779316,-3.245718,0.00377654,-8427.679
159,35,997,1841,0.1076759,0.1296596,3,15,301,1832,512,9,0,0.09781421,0,0,26,445,0.01517667,-nan,0.01341853,-nan,0.01510857,-nan,0.01700571,-nan,0.0009271405,-nan,0.0006893166,-nan,0.0009325867,-nan,0.001215552,-nan,0.1779316,-3.245269,0.003800645,-8220.52
160,35,982,1841,0.1135394,0.1276252,3,11,313,1832,512,10,0,0.1001616,0,0,26,447,0.01541273,-nan,0.01452533,-nan,0.01731429,-nan,0.0144,-nan,0.0009859559,-nan,0.0008897946,-nan,0.001265608,-nan,0.0008484466,-nan,0.1779316,-3.24552,0.003787168,-8324.455
161,35,993,1841,0.1108742,0.118123,3,13,310,1832,512,8,0,0.09854604,0,0,26,463,0.0147883,-nan,0.01431995,-nan,0.01353143,-nan,0.01651429,-nan,0.0009305703,-nan,0.0008916494,-nan,0.0008698243,-nan,0.001060844,-nan,0.1779316,-3.24531,0.003798454,-8306.024
162,35,1006,1841,0.1151386,0.1180328,3,12,305,1832,512,9,0,0.08077544,0,0,26,458,0.01441517,-nan,0.01376084,-nan,0.01305143,-nan,0.01643429,-nan,0.0009380786,-nan,0.0008046733,-nan,0.000782265,-nan,0.001284672,-nan,0.1779316,-3.244158,0.00386025,-8214.485
163,35,1021,1841,0.119936,0.1229508,3,13,301,1832,512,8,0,0.08695652,0,0,26,464,0.01516525,-nan,0.01312186,-nan,0.01588571,-nan,0.01649143,-nan,0.001061978,-nan,0.000873782,-nan,0.00116079,-nan,0.00118721,-nan,0.1779316,-3.249425,0.003577674,-8247.53
164,35,968,1841,0.1119403,0.1163166,3,8,336,1832,512,8,0,0.0904685,0,0,26,469,0.0144799,-nan,0.01657919,-nan,0.01394286,-nan,0.01291429,-nan,0.0009013027,-nan,0.001171251,-nan,0.0007905901,-nan,0.0007872881,-nan,0.1779316,-3.244008,0.003868303,-8515.201
165,35,998,1841,0.1146055,0.1175506,3,13,315,1832,512,10,0,0.07915994,0,0,26,461,0.01448751,-nan,0.01663624,-nan,0.01356571,-nan,0.01325714,-nan,0.0009718133,-nan,0.001296438,-nan,0.0008728115,-nan,0.0007974782,-nan,0.1779316,-3.242465,0.003951137,-8319.23
166,35,993,1841,0.1103412,0.1260097,3,11,322,1832,512,11,0,0.09693053,0,0,26,473,0.01516905,-nan,0.0134984,-nan,0.01450286,-nan,0.01750857,-nan,0.0009856079,-nan,0.0009351925,-nan,0.0009070213,-nan,0.001168825,-nan,0.1779316,-3.244963,0.00381708,-8305.229
167,35,989,1841,0.1135394,0.1276252,3,10,323,1832,512,13,0,0.1017771,0,0,26,470,0.01531374,-nan,0.01536969,-nan,0.01491429,-nan,0.01565714,-nan,0.000970213,-nan,0.0009841414,-nan,0.0009355333,-nan,0.00100819,-nan,0.1779316,-3.244954,0.003817573,-8349.976
168,35,968,1841,0.1263326,0.1308562,3,12,325,1832,512,14,0,0.09693053,0,0,26,464,0.01644837,-nan,0.01463943,-nan,0.01733714,-nan,0.01737143,-nan,0.001178428,-nan,0.00106676,-nan,0.001301166,-nan,0.001203479,-nan,0.1779316,-3.243161,0.003913774,-8454.694
169,35,969,1841,0.1156716,0.1357027,3,11,327,1832,512,8,0,0.1055221,0,0,26,451,0.01604097,-nan,0.0154838,-nan,0.01578286,-nan,0.01685714,-nan,0.001047169,-nan,0.0009859196,-nan,0.001070972,-nan,0.00110343,-nan,0.1779316,-3.243639,0.003888135,-8388.043
170,35,994,1841,0.108742,0.1227787,3,15,313,1832,512,11,0,0.08899676,0,0,26,468,0.01441136,-nan,0.01396623,-nan,0.01401143,-nan,0.01525714,-nan,0.0008938611,-nan,0.0007967346,-nan,0.0008788672,-nan,0.001026188,-nan,0.1779316,-3.247221,0.003695898,-8216.478
171,35,1020,1841,0.1124733,0.1352657,3,11,295,1832,512,11,0,0.1032223,0,0,26,444,0.01589628,-nan,0.0147079,-nan,0.01712,-nan,0.01586286,-nan,0.001015125,-nan,0.0009361167,-nan,0.001136113,-nan,0.0009954711,-nan,0.1779316,-3.246296,0.003745532,-8061.399
172,35,980,1841,0.1130064,0.1157205,3,9,321,1832,512,10,0,0.08239095,0,0,26,461,0.01443421,-nan,0.01473072,-nan,0.01228571,-nan,0.01628571,-nan,0.0009235044,-nan,0.000948034,-nan,0.0006938988,-nan,0.001175289,-nan,0.1779316,-3.243262,0.003908351,-8360
173,35,1016,1841,0.119403,0.1224713,3,13,303,1832,512,9,0,0.08885299,0,0,26,454,0.01516525,-nan,0.01430853,-nan,0.01562286,-nan,0.01556571,-nan,0.001044758,-nan,0.0009234631,-nan,0.001037357,-nan,0.001203599,-nan,0.1779316,-3.244809,0.003825353,-8223.685
174,35,968,1841,0.1151386,0.1389338,3,12,340,1832,512,8,0,0.1071624,0,0,26,447,0.01614758,-nan,0.01652214,-nan,0.01484571,-nan,0.01707429,-nan,0.001063156,-nan,0.001146478,-nan,0.0009227812,-nan,0.001143618,-nan,0.1779316,-3.245454,0.003790729,-8463.402
175,35,971,1841,0.1055437,0.1260097,3,11,329,1832,512,12,0,0.08885299,0,0,26,452,0.01430856,-nan,0.01129621,-nan,0.01632,-nan,0.01531429,-nan,0.0008453153,-nan,0.0005536784,-nan,0.001090162,-nan,0.000960834,-nan,0.1779316,-3.241341,0.004011399,-8394.148
176,35,966,1841,0.1151386,0.1227787,3,8,327,1832,512,9,0,0.09854604,0,0,26,477,0.0153442,-nan,0.01506162,-nan,0.01459429,-nan,0.01637714,-nan,0.001018247,-nan,0.0009115034,-nan,0.0009678077,-nan,0.001211473,-nan,0.1779316,-3.24492,0.003819381,-8428.024
177,35,1011,1841,0.1247335,0.1279388,3,10,307,1832,512,8,0,0.06957929,0,0,26,465,0.01497868,-nan,0.01508444,-nan,0.01625143,-nan,0.0136,-nan,0.001107584,-nan,0.001047434,-nan,0.00129607,-nan,0.001014994,-nan,0.1779316,-3.250239,0.003533956,-8226.388
178,35,961,1841,0.1172708,0.1243942,3,10,324,1832,512,11,0,0.09369952,0,0,26,481,0.01513098,-nan,0.01638521,-nan,0.01554286,-nan,0.01346286,-nan,0.001015094,-nan,0.001150833,-nan,0.001063129,-nan,0.0008617065,-nan,0.1779316,-3.24185,0.003984117,-8505.183
179,35,965,1841,0.1183369,0.1373183,3,11,318,1832,512,9,0,0.09983897,0,0,26,468,0.01567545,-nan,0.01786855,-nan,0.01398857,-nan,0.01516571,-nan,0.001039413,-nan,0.001335857,-nan,0.0008389938,-nan,0.0009948443,-nan,0.1779316,-3.243432,0.003899202,-8483.108
180,35,989,1841,0.1092751,0.1211632,3,12,304,1832,512,10,0,0.08885299,0,0,26,445,0.01450274,-nan,0.01378366,-nan,0.01571429,-nan,0.01401143,-nan,0.0009236983,-nan,0.0008769601,-nan,0.00101447,-nan,0.0009000471,-nan,0.1779316,-3.241823,0.003985541,-8319.034
181,35,992,1841,0.1114072,0.1163166,3,12,317,1832,512,8,0,0.08723748,0,0,26,461,0.01449513,-nan,0.015267,-nan,0.01316571,-nan,0.01505143,-nan,0.0008920151,-nan,0.0009650781,-nan,0.0007363349,-nan,0.001001564,-nan,0.1779316,-3.241349,0.004011016,-8317.366
182,35,966,1841,0.1066098,0.1114701,3,10,330,1832,512,15,0,0.0904685,0,0,26,449,0.01424383,-nan,0.01274532,-nan,0.01629714,-nan,0.01369143,-nan,0.0008649263,-nan,0.0006998054,-nan,0.001131836,-nan,0.0008101855,-nan,0.1779316,-3.242497,0.003949384,-8464.725
183,35,983,1841,0.1236674,0.1410049,3,11,314,1832,512,7,0,0.1033926,0,0,26,494,0.01658925,-nan,0.01638521,-nan,0.01592,-nan,0.01746286,-nan,0.001152291,-nan,0.00111206,-nan,0.001062799,-nan,0.001307239,-nan,0.1779316,-3.242782,0.003934099,-8365.986
184,35,961,1841,0.1108742,0.1137233,3,10,333,1832,512,10,0,0.08885299,0,0,26,454,0.0145827,-nan,0.01389776,-nan,0.01484571,-nan,0.01500571,-nan,0.0009189541,-nan,0.0008977917,-nan,0.0009011593,-nan,0.0009811418,-nan,0.1779316,-3.243858,0.003876357,-8518.159
185,35,980,1841,0.1055437,0.1082391,3,10,348,1832,512,10,0,0.07592892,0,0,26,465,0.01332623,-nan,0.01275673,-nan,0.01428571,-nan,0.01293714,-nan,0.000796307,-nan,0.000822202,-nan,0.0008503857,-nan,0.0007449226,-nan,0.1779316,-3.241614,0.003996772,-8343.158
186,35,973,1841,0.1066098,0.1165049,3,10,320,1832,512,10,0,0.09178744,0,0,26,455,0.01435044,-nan,0.01329302,-nan,0.01585143,-nan,0.01390857,-nan,0.0008740434,-nan,0.0007260507,-nan,0.001076964,-nan,0.0008526051,-nan,0.1779316,-3.243083,0.003917938,-8399.894
187,35,982,1841,0.1156716,0.1324717,3,9,335,1832,512,9,0,0.09500805,0,0,26,474,0.0157516,-nan,0.01562072,-nan,0.01645714,-nan,0.01517714,-nan,0.001055899,-nan,0.001021248,-nan,0.001172049,-nan,0.0009984547,-nan,0.1779316,-3.239171,0.00412787,-8352.27
188,35,986,1841,0.1130064,0.1227787,3,9,312,1832,512,12,0,0.09208401,0,0,26,462,0.01492537,-nan,0.01374943,-nan,0.01382857,-nan,0.0172,-nan,0.0009587949,-nan,0.0008141871,-nan,0.0008180976,-nan,0.001301332,-nan,0.1779316,-3.247245,0.003694638,-8327.42
189,35,971,1841,0.1114072,0.114083,3,13,334,1832,512,13,0,0.06623586,0,0,26,455,0.01371459,-nan,0.01324738,-nan,0.01378286,-nan,0.01411429,-nan,0.0009149016,-nan,0.0008980412,-nan,0.000879225,-nan,0.0009899379,-nan,0.1779316,-3.240812,0.004039832,-8470.254
190,35,981,1841,0.1146055,0.1175506,3,10,316,1832,512,8,0,0.08723748,0,0,26,464,0.01516144,-nan,0.01497033,-nan,0.01363429,-nan,0.01688,-nan,0.001022808,-nan,0.0009496963,-nan,0.0009691338,-nan,0.001186047,-nan,0.1779316,-3.245478,0.003789469,-8358.584
191,35,976,1841,0.1188699,0.1219245,3,17,325,1832,512,9,0,0.09369952,0,0,26,477,0.01530993,-nan,0.01653355,-nan,0.01417143,-nan,0.01522286,-nan,0.001022287,-nan,0.001083404,-nan,0.0009333713,-nan,0.001083948,-nan,0.1779316,-3.240638,0.004049146,-8352.05
192,35,973,1841,0.108742,0.1227787,3,10,334,1832,512,12,0,0.09458721,0,0,26,448,0.01445324,-nan,0.01590598,-nan,0.01342857,-nan,0.01402286,-nan,0.0008723631,-nan,0.001017862,-nan,0.000759038,-nan,0.0008690228,-nan,0.1779316,-3.242697,0.003938646,-8452.862
193,35,996,1841,0.1151386,0.1260097,3,12,327,1832,512,8,0,0.1019417,0,0,26,445,0.01544319,-nan,0.01386353,-nan,0.01477714,-nan,0.01769143,-nan,0.001011453,-nan,0.0009079464,-nan,0.0008500162,-nan,0.001335943,-nan,0.1779316,-3.244521,0.003840802,-8316.416
194,35,951,1841,0.1172708,0.1357027,3,8,332,1832,512,9,0,0.09886548,0,0,26,461,0.01562214,-nan,0.01307622,-nan,0.01626286,-nan,0.01753143,-nan,0.001042491,-nan,0.0007929606,-nan,0.001105611,-nan,0.001278743,-nan,0.1779316,-3.236835,0.004253216,-8563.077
195,35,953,1841,0.108742,0.1114145,3,11,317,1832,512,11,0,0.08400646,0,0,26,465,0.01390877,-nan,0.0131675,-nan,0.01412571,-nan,0.01443429,-nan,0.0008656288,-nan,0.0008168004,-nan,0.0008392727,-nan,0.0009615827,-nan,0.1779316,-3.246487,0.003735288,-8452.433
196,35,964,1841,0.1151386,0.1179683,3,8,322,1832,512,9,0,0.07754443,0,0,26,472,0.01400396,-nan,0.01177545,-nan,0.01210286,-nan,0.01813714,-nan,0.0008915775,-nan,0.0007087598,-nan,0.0007050944,-nan,0.001358922,-nan,0.1779316,-3.246005,0.003761146,-8390.571
197,35,984,1841,0.1231343,0.1373183,3,10,312,1832,512,9,0,0.1066236,0,0,26,480,0.01655879,-nan,0.01377225,-nan,0.01765714,-nan,0.01825143,-nan,0.001165753,-nan,0.0008758999,-nan,0.001423191,-nan,0.001268946,-nan,0.1779316,-3.24067,0.004047447,-8395.036
198,35,960,1841,0.1108742,0.1137233,3,11,322,1832,512,12,0,0.08239095,0,0,26,456,0.01403442,-nan,0.01446828,-nan,0.01571429,-nan,0.01192,-nan,0.0008878145,-nan,0.0009634809,-nan,0.0010744,-nan,0.0006721317,-nan,0.1779316,-3.239131,0.004130007,-8487.274
199,35,964,1841,0.1103412,0.1276252,3,10,321,1832,512,15,0,0.09677419,0,0,26,451,0.01486445,-nan,0.01402328,-nan,0.01668571,-nan,0.01388571,-nan,0.0009168895,-nan,0.0008049848,-nan,0.001096017,-nan,0.0008875748,-nan,0.1779316,-3.240357,0.004064211,-8436.609
200,35,950,1841,0.1226013,0.1308562,3,11,333,1832,512,11,0,0.1017771,0,0,26,464,0.01609427,-nan,0.01582611,-nan,0.01738286,-nan,0.01507429,-nan,0.001126156,-nan,0.001107453,-nan,0.001292974,-nan,0.0009991392,-nan,0.1779316,-3.241495,0.004003182,-8538.734
201,35,965,1841,0.119403,0.1375405,3,13,330,1832,512,12,0,0.1098546,0,0,26,466,0.01632272,-nan,0.01644226,-nan,0.01748571,-nan,0.01504,-nan,0.001108271,-nan,0.001089667,-nan,0.00130765,-nan,0.0009608214,-nan,0.1779316,-3.242839,0.003931031,-8523.383
